"organization_id","network_id","station_cd","station_name","pref","latitude","longitude","height(m)","sensor_height(m)","hole_depth(m)","KiK-net_station_cd","repeal_station(1 = repeal)"
'01','01',N.WNNH,WAKKANAI-N,HOKKAIDO,45.4883,141.8850,45,-159.06,205.5,SOYH05,0
'01','01',N.SFNH,SARUFUTSU-N,HOKKAIDO,45.3346,142.1185,20,-81.6,103,SOYH01,0
'01','01',N.WNWH,WAKKANAI-W,HOKKAIDO,45.2531,141.6334,8,-130.6,140,SOYH03,0
'01','01',N.WNEH,WAKKANAI-E,HOKKAIDO,45.2303,141.8806,30,-174.6,206,SOYH04,0
'01','01',N.SFSH,SARUFUTSU-S,HOKKAIDO,45.2163,142.2254,5,-96.6,103,SOYH02,0
'01','01',N.TYTH,TOYOTOMI,HOKKAIDO,45.1019,141.7831,15,-121.56,138,SOYH06,0
'01','01',N.HTBH,HAMATONBETSU,HOKKAIDO,45.1001,142.4307,7,-144.56,153,SOYH07,0
'01','01',N.HNBH,HORONOBE,HOKKAIDO,45.0167,142.0795,30,-71.63,103,RMIH01,0
'01','01',N.NTBH,NAKATONBETSU,HOKKAIDO,44.9387,142.2247,40,-61.56,103,SOYH08,0
'01','01',N.TSOH,TESHIO,HOKKAIDO,44.8948,141.9251,10,-98.63,110,RMIH02,0
'01','01',N.UNNH,UTANOBORI-N,HOKKAIDO,44.8570,142.4868,20,-81.56,103,SOYH09,0
'01','01',N.ONPH,OTOINEPPU,HOKKAIDO,44.7745,142.2542,70,-37,109,KKWH09,0
'01','01',N.UNSH,UTANOBORI-S,HOKKAIDO,44.7433,142.6039,73,-28.56,103,SOYH10,0
'01','01',N.NAWH,NAKAGAWA,HOKKAIDO,44.6617,142.0528,65,-41,108,KKWH10,0
'01','01',N.EBTH,ENBETSU,HOKKAIDO,44.6359,141.8187,20,-190.6,212,RMIH03,0
'01','01',N.BFNH,BIFUKA-N,HOKKAIDO,44.5973,142.3036,61,-51.51,114,KKWH01,0
'01','01',N.BFEH,BIFUKA-E,HOKKAIDO,44.5509,142.5736,283,169.52,115,KKWH02,0
'01','01',N.OUMH,OUMU,HOKKAIDO,44.5276,142.8444,105,3.48,103,ABSH01,0
'01','01',N.BFWH,BIFUKA-W,HOKKAIDO,44.4732,142.2725,100,-1.51,103,KKWH03,0
'01','01',N.NYRH,NAYORO,HOKKAIDO,44.4376,142.4056,84,-17.51,103,KKWH04,0
'01','01',N.OPWH,OKOPPE-W,HOKKAIDO,44.4234,143.0264,38,-76.52,116,ABSH02,0
'01','01',N.OPEH,OKOPPE-E,HOKKAIDO,44.3843,143.2407,30,-71.52,103,ABSH03,0
'01','01',N.SWEH,SHIMOKAWA-E,HOKKAIDO,44.3207,142.7656,200,98.49,103,KKWH06,0
'01','01',N.SWWH,SHIMOKAWA-W,HOKKAIDO,44.2921,142.6303,160,-141.51,303,KKWH05,0
'01','01',N.HONH,HOROKANAI-N,HOKKAIDO,44.2803,142.1594,260,158.5,103.5,SRCH01,0
'01','01',N.YBNH,YUBETSU-N,HOKKAIDO,44.2146,143.6202,7,-94.52,103,ABSH06,0
'01','01',N.TUNH,TAKINOUE-N,HOKKAIDO,44.1920,143.0767,134,-67.52,203,ABSH04,0
'01','01',N.HOCH,HOROKANAI-C,HOKKAIDO,44.1160,142.1414,200,98.5,103.5,SRCH02,0
'01','01',N.TUSH,TAKINOUE-S,HOKKAIDO,44.1146,143.0111,255,147.48,109,ABSH05,0
'01','01',N.OREH,OBIRA-E,HOKKAIDO,44.0974,141.9621,102,0.46,103,RMIH04,0
'01','01',N.SRMH,SAROMA,HOKKAIDO,44.0813,143.9455,5,-296.52,303,ABSH10,0
'01','01',N.SYNH,SYARI-N,HOKKAIDO,44.0640,144.9935,65,-41.52,108,ABSH08,0
'01','01',N.ORWH,OBIRA-W,HOKKAIDO,44.0254,141.7876,21,-85.55,108,RMIH05,0
'01','01',N.HOSH,HOROKANAI-S,HOKKAIDO,43.9994,142.1258,155,54,103,SRCH03,0
'01','01',N.WSMH,WASSAMU,HOKKAIDO,43.9754,142.2834,195,89,108,KKWH11,0
'01','01',N.SYSH,SYARI-S,HOKKAIDO,43.9271,144.8075,40,-118.52,160,ABSH09,0
'01','01',N.MMBH,MEMANBETSU,HOKKAIDO,43.9144,144.1923,40,-83.52,125,ABSH11,0
'01','01',N.KMZH,KOSHIMIZU,HOKKAIDO,43.8566,144.4574,25,-96.02,122.5,ABSH12,0
'01','01',N.KKAH,KAMIKAWA,HOKKAIDO,43.8546,142.7656,340,190.5,151,KKWH15,0
'01','01',N.STKH,SHIRATAKI,HOKKAIDO,43.8494,143.0861,699,570.48,130,ABSH07,0
'01','01',N.FGNH,FUKAGAWA-N,HOKKAIDO,43.8243,142.1594,200,97,105,SRCH05,0
'01','01',N.NUMH,NUMATA,HOKKAIDO,43.8203,141.9397,100,-6,108,SRCH04,0
'01','01',N.STNH,SHIBETSU-N,HOKKAIDO,43.7851,145.0246,80,-31.5,113.5,NMRH01,0
'01','01',N.RBSH,RUBESHIBE,HOKKAIDO,43.7419,143.4514,321,214.48,108,ABSH13,0
'01','01',N.BHRH,BIHORO,HOKKAIDO,43.7228,144.1837,87,-17.52,106,ABSH14,0
'01','01',N.FGSH,FUKAGAWA-S,HOKKAIDO,43.6948,142.0776,80,-68,150.3,SRCH06,0
'01','01',N.STSH,SHIBETSU-S,HOKKAIDO,43.6772,144.9618,165,61,106,NMRH02,0
'01','01',N.OKEH,OKETO-E,HOKKAIDO,43.6352,143.5100,292,190.48,103,ABSH15,0
'01','01',N.NSTH,NAKASHIBETSU,HOKKAIDO,43.5508,144.9665,30,-198.5,230.5,NMRH03,0
'01','01',N.SUGH,SUNAGAWA,HOKKAIDO,43.5138,141.9090,30,-92.92,125,SRCH08,0
'01','01',N.BEWH,BIEI-W,HOKKAIDO,43.5113,142.3906,315,144,170.5,KKWH13,0
'01','01',N.BEEH,BIEI-E,HOKKAIDO,43.5038,142.6006,450,242,210,KKWH12,0
'01','01',N.RKBH,RIKUBETSU,HOKKAIDO,43.4683,143.6830,251,127.5,125.5,TKCH01,0
'01','01',N.ANNH,AKAN-N,HOKKAIDO,43.4361,144.0844,431,323,109.5,KSRH01,0
'01','01',N.TOBH,TOBETSU,HOKKAIDO,43.4087,141.5836,80,-121.03,203,IKRH01,0
'01','01',N.BKEH,BEKKAI-E,HOKKAIDO,43.3978,145.1224,30,-187,219,NMRH04,0
'01','01',N.BKWH,BEKKAI-W,HOKKAIDO,43.3900,144.8021,92,-129,223,NMRH05,0
'01','01',N.SCNH,SHIBECHA-N,HOKKAIDO,43.3848,144.6279,83,-25,110,KSRH03,0
'01','01',N.NFRH,NAKAFURANO,HOKKAIDO,43.3841,142.5245,389,237.5,153,KKWH14,0
'01','01',N.AYEH,ASYORO-E,HOKKAIDO,43.3822,143.8983,328,224,106,TKCH02,0
'01','01',N.FRNH,FURANO,HOKKAIDO,43.3697,142.3409,205,94.49,112,KKWH07,0
'01','01',N.SKNH,SHINTOKU-N,HOKKAIDO,43.3337,142.9448,365,264,103,TKCH10,0
'01','01',N.AYWH,ASYORO-W,HOKKAIDO,43.2708,143.4317,199,-2,203,TKCH03,0
'01','01',N.TRWH,TSURUI-W,HOKKAIDO,43.2556,144.2338,114,-216.52,333.1,KSRH05,0
'01','01',N.FBRH,FURUBIRA,HOKKAIDO,43.2341,140.6228,28,-73,103,SBSH01,0
'01','01',N.MSAH,MIKASA,HOKKAIDO,43.2300,141.8978,75,-126,203,SRCH07,0
'01','01',N.SSTH,SHINSHINOTSU,HOKKAIDO,43.2204,141.6523,10,-118.51,130,IKRH02,0
'01','01',N.TREH,TSURUI-E,HOKKAIDO,43.2200,144.4285,30,-208,240,KSRH06,0
'01','01',N.SCSH,SHIBECHA-S,HOKKAIDO,43.2139,144.6804,30,-213,243,KSRH04,0
'01','01',N.HNKH,HAMANAKA,HOKKAIDO,43.2084,145.1168,31,-225.51,258,KSRH10,0
'01','01',N.SKSH,SHINTOKU-S,HOKKAIDO,43.1739,142.9176,220,47,175,TKCH04,0
'01','01',N.SNNH,SHIRANUKA-N,HOKKAIDO,43.1603,143.8936,174,73,103,KSRH08,0
'01','01',N.TRSH,TSURUI-S,HOKKAIDO,43.1358,144.3275,35,-188,225,KSRH07,0
'01','01',N.HBTH,HONBETSU,HOKKAIDO,43.1213,143.6186,65,-36,103,TKCH05,0
'01','01',N.ANSH,AKAN-S,HOKKAIDO,43.1141,144.1229,30,-76,108,KSRH02,0
'01','01',N.AGWH,AKAIGAWA,HOKKAIDO,43.0842,140.8199,145,-76.6,223,SBSH03,0
'01','01',N.KYMH,KURIYAMA,HOKKAIDO,43.0587,141.8063,30,-93.52,125,SRCH09,0
'01','01',N.TOMH,TOMARI,HOKKAIDO,43.0533,140.5014,25,-76.47,103,SBSH02,0
'01','01',N.SMPH,SHIMUKAPPU,HOKKAIDO,43.0406,142.6562,569,467.49,103,KKWH08,0
'01','01',N.YUBH,YUBARI,HOKKAIDO,42.9930,142.0085,195,-5.92,203,SRCH10,0
'01','01',N.SNSH,SHIRANUKA-S,HOKKAIDO,42.9856,143.9841,27,-74,103,KSRH09,0
'01','01',N.KYOH,KYOWA,HOKKAIDO,42.9758,140.6220,20,-181.1,203.3,SBSH04,0
'01','01',N.CCNH,KUTCHAN,HOKKAIDO,42.9500,140.8223,240,138.4,103,SBSH05,0
'01','01',N.MMRH,MEMURO,HOKKAIDO,42.8920,143.0603,97,-131,230,TKCH06,0
'01','01',N.CTSH,CHITOSE,HOKKAIDO,42.8880,141.6399,10,-243.5,255.5,IKRH03,0
'01','01',N.SHZH,SHIMIZU,HOKKAIDO,42.8742,142.8830,419,318,103,TKCH11,0
'01','01',N.OIWH,OIWAKE,HOKKAIDO,42.8739,141.8191,60,-42.12,103.6,IBUH01,0
'01','01',N.HOBH,HOBETSU,HOKKAIDO,42.8714,142.1285,175,71.48,105,IBUH02,0
'01','01',N.RNKH,RANKOSHI,HOKKAIDO,42.8309,140.4831,39,-92.55,133,SBSH06,0
'01','01',N.TYRH,TOYOKORO,HOKKAIDO,42.8114,143.5203,8.8,-92.2,103,TKCH07,0
'01','01',N.SMMH,SHIMAMAKI,HOKKAIDO,42.7797,140.1557,32,-69,103,SBSH10,0
'01','01',N.KMBH,KIMOBETSU,HOKKAIDO,42.7680,140.9766,285,184,103,SBSH08,0
'01','01',N.MKRH,MAKKARI,HOKKAIDO,42.7630,140.8084,228,127,103,SBSH07,0
'01','01',N.BREH,BIRATORI-E,HOKKAIDO,42.7061,142.4054,230,119.51,113,HDKH02,0
'01','01',N.BRWH,BIRATORI-W,HOKKAIDO,42.7031,142.2296,82,-18.49,103,HDKH01,0
'01','01',N.AMAH,ATSUMA,HOKKAIDO,42.6486,141.8641,10,-144.52,156,IBUH03,0
'01','01',N.OHTH,OOTAKI,HOKKAIDO,42.6476,141.0643,350,148.48,203,IBUH07,0
'01','01',N.TURH,TOYOURA,HOKKAIDO,42.6415,140.6650,214,109.98,105.5,IBUH04,0
'01','01',N.KMNH,KUROMATSUNAI,HOKKAIDO,42.6104,140.4841,140,38.4,103,SBSH09,0
'01','01',N.NCPH,NIIKAPPU,HOKKAIDO,42.5977,142.5446,305,203.48,103,HDKH05,0
'01','01',N.MBEH,MONBETSU-E,HOKKAIDO,42.5934,142.3521,160,53.51,109,HDKH03,0
'01','01',N.SOIH,SHIRAOI,HOKKAIDO,42.5629,141.3497,20,-158.5,180,IBUH05,0
'01','01',N.MBWH,MONBETSU-W,HOKKAIDO,42.5126,142.0381,10,-211.52,223,HDKH04,0
'01','01',N.TKIH,TAIKI,HOKKAIDO,42.4865,143.1520,360,259,103,TKCH08,0
'01','01',N.KHYH,KITAHIYAMA,HOKKAIDO,42.4851,139.9679,167,53.4,115,HYMH01,0
'01','01',N.MRRH,MURORAN,HOKKAIDO,42.4116,141.0017,400,-163.52,565,IBUH06,0
'01','01',N.SZNH,SHIZUNAI,HOKKAIDO,42.3498,142.3572,10,-106.52,118,HDKH06,0
'01','01',N.KUMH,KUMAISHI,HOKKAIDO,42.1344,140.0040,70,-31.6,103,HYMH03,0
'01','01',N.SAMH,SAMANI,HOKKAIDO,42.1330,142.9164,40,-62.52,104,HDKH07,0
'01','01',N.ASBH,ASSABU,HOKKAIDO,41.9856,140.3087,85,-17.6,104,HYMH02,0
'01','01',N.KAIH,KAMIISO,HOKKAIDO,41.8374,140.6331,10,-351.54,363,OSMH02,0
'01','01',N.SRUH,SHIRIUCHI,HOKKAIDO,41.5977,140.4207,5,-146.54,153,OSMH01,0
'01','01',N.OOMH,OOMA,AOMORI,41.5273,140.9127,10,-91.57,103,AOMH01,0
'01','01',N.SAIH,SAI,AOMORI,41.4049,140.8567,30,-171.57,203,AOMH02,0
'01','01',N.KUCH,KAWAUCHI,AOMORI,41.2340,140.9896,20,-81.52,103,AOMH03,0
'01','01',N.RKSH,ROKKASHO,AOMORI,40.9664,141.3738,5,-96.54,103,AOMH06,0
'01','01',N.NHJH,NOHEJI,AOMORI,40.8564,141.1033,45,-268.57,315,AOMH05,0
'01','01',N.AOMH,AOMORI,AOMORI,40.8524,140.6759,10,-298.52,310,AOMH04,0
'01','01',N.AJSH,AJIGASAWA,AOMORI,40.7618,140.3121,50,-111.52,163,AOMH08,0
'01','01',N.FKUH,FUKAURA,AOMORI,40.7451,140.0233,35,-75.32,111.8,AOMH07,0
'01','01',N.IKIH,IWAKI,AOMORI,40.6200,140.3497,160,-3.52,165,AOMH09,0
'01','01',N.KRIH,KUROISHI,AOMORI,40.6091,140.6646,102,-5.02,108.5,AOMH10,0
'01','01',N.TWEH,TOWADAKO-E,AOMORI,40.5846,141.1547,85,-16.57,103,AOMH12,0
'01','01',N.TWWH,TOWADAKO-W,AOMORI,40.5800,140.9950,240,138.42,103,AOMH11,0
'01','01',N.HHEH,HACHINOHE,AOMORI,40.5794,141.4451,10,-141.58,153,AOMH13,0
'01','01',N.NYAH,NISHIMEYA,AOMORI,40.5488,140.2726,158,56.48,103,AOMH14,0
'01','01',N.OWNH,OWANI,AOMORI,40.4841,140.5565,130,28.48,103,AOMH15,0
'01','01',N.SHGH,SHINGO,AOMORI,40.4624,141.0923,315,163.46,153,AOMH16,0
'01','01',N.NWAH,NAGAWA,AOMORI,40.4492,141.3374,65,-50.54,117.1,AOMH17,0
'01','01',N.TTKH,TAKKO,AOMORI,40.2962,141.0145,235,133.46,103,AOMH18,0
'01','01',N.KRMH,KARUMAI,IWATE,40.2705,141.5709,260,138.48,123,IWTH07,0
'01','01',N.KJNH,KUJI-N,IWATE,40.2686,141.7831,175,74.08,103,IWTH08,0
'01','01',N.NHWH,NINOHE-W,IWATE,40.2611,141.1709,225,124.08,103,IWTH06,0
'01','01',N.NHEH,NINOHE-E,IWATE,40.2383,141.3423,230,28.48,203.2,IWTH01,0
'01','01',N.KHEH,KUNOHE,IWATE,40.1533,141.4245,365,264.08,103,IWTH12,0
'01','01',N.ASRH,ASHIRO,IWATE,40.1391,140.9529,308,207.08,103,IWTH10,0
'01','01',N.KJSH,KUJI-S,IWATE,40.0861,141.7120,240,139.08,103,IWTH09,0
'01','01',N.IHEH,ICHINOHE,IWATE,40.0811,141.1915,629,328.08,303,IWTH11,0
'01','01',N.KZMH,KUZUMAKI,IWATE,39.9398,141.5492,570,469.08,120,IWTH13,0
'01','01',N.TMYH,TAMAYAMA,IWATE,39.8250,141.3826,675,571.18,105.5,IWTH02,0
'01','01',N.IWZH,IWAIZUMI,IWATE,39.8020,141.6520,310,208.65,103.2,IWTH03,0
'01','01',N.TROH,TARO,IWATE,39.7435,141.9087,200,98.48,103,IWTH14,0
'01','01',N.KANH,KAWAI-N,IWATE,39.6442,141.5977,305,200.9,106,IWTH17,0
'01','01',N.SZKH,SHIZUKUISHI,IWATE,39.6436,140.9465,212,60.48,153,IWTH16,0
'01','01',N.YHBH,YAHABA,IWATE,39.6148,141.0929,195,71.48,125,IWTH15,0
'01','01',N.YMDH,YAMADA,IWATE,39.4734,141.9336,13,-87.92,103,IWTH21,0
'01','01',N.KASH,KAWAI-S,IWATE,39.4630,141.6775,552,451.08,103,IWTH18,0
'01','01',N.HMNH,HANAMAKI-N,IWATE,39.4559,141.0001,220,118.74,103.7,IWTH19,0
'01','01',N.HMSH,HANAMAKI-S,IWATE,39.3434,141.0473,106,-51.69,159.2,IWTH20,0
'01','01',N.TOUH,TOWA,IWATE,39.3340,141.3015,260,158.51,103,IWTH22,0
'01','01',N.KMIH,KAMAISHI,IWATE,39.2741,141.8233,44,-60.5,106,IWTH23,0
'01','01',N.KGSH,KANEGASAKI,IWATE,39.1979,141.0118,200,48.38,153.1,IWTH24,0
'01','01',N.SMTH,SUMITA,IWATE,39.1809,141.3909,620,512.68,109,IWTH04,0
'01','01',N.RZTH,RIKUZENTAKATA,IWATE,39.0307,141.5320,80,-21.52,103,IWTH27,0
'01','01',N.IW2H,ICHINOSEKI-W2,IWATE,39.0095,140.8640,380,114.93,266.42,IWTH28,0
'01','01',N.ICWH,ICHINOSEKI-W,IWATE,39.0092,140.8638,386,124.11,263.4,IWTH25,0
'01','01',N.ICEH,ICHINOSEKI-E,IWATE,38.9690,141.0013,125,15.98,110.5,IWTH26,0
'01','01',N.FSWH,FUJISAWA,IWATE,38.8654,141.3512,120,18.48,103.3,IWTH05,0
'01','01',N.KKWH,KARAKUWA,MIYAGI,38.9207,141.6377,80,-38,120,MYGH03,0
'01','01',N.NRKH,NARUKO,MIYAGI,38.8587,140.6513,345,140.92,206,MYGH02,0
'01','01',N.TOWH,TOWA,MIYAGI,38.7860,141.3254,35,-66,103,MYGH04,0
'01','01',N.MSRH,MINAMISANRIKU,MIYAGI,38.6993,141.4176,90,-11.65,103,MYGH13,0
'01','01',N.SZGH,SHIZUGAWA,MIYAGI,38.6416,141.4428,18,-84.73,105.5,MYGH12,1
'01','01',N.TAJH,TAJIRI,MIYAGI,38.5907,141.0710,20,-81.08,103,MYGH06,0
'01','01',N.ONDH,ONODA,MIYAGI,38.5793,140.7804,59,-279,340,MYGH05,0
'01','01',N.KAKH,KAHOKU,MIYAGI,38.5158,141.3421,5,-202.33,210.1,MYGH11,0
'01','01',N.RIFH,RIFU,MIYAGI,38.3400,140.9551,48,-1004.4,1064.02,MYGH14,0
'01','01',N.SNDH,SENDAI,MIYAGI,38.2400,140.9969,2,-1198,1232.15,MYGH01,1
'01','01',N.KWSH,KAWASAKI,MIYAGI,38.1802,140.6405,186,43,145,MYGH07,0
'01','01',N.IWNH,IWANUMA,MIYAGI,38.1133,140.8441,10,-91,103,MYGH08,0
'01','01',N.SISH,SHIROISHI,MIYAGI,38.0091,140.6027,130,29,103,MYGH09,0
'01','01',N.YMMH,YAMAMOTO,MIYAGI,37.9411,140.8924,18,-188,208,MYGH10,0
'01','01',N.KOSH,KOSAKA,AKITA,40.4563,140.8395,405,298.63,108,AKTH07,0
'01','01',N.FSTH,FUJISATO,AKITA,40.3188,140.2341,125,-76.37,203,AKTH08,0
'01','01',N.ODTH,ODATE,AKITA,40.3002,140.5812,85,-16.4,103,AKTH10,0
'01','01',N.TSRH,TASHIRO,AKITA,40.2755,140.4596,45,-57.6,104,AKTH09,0
'01','01',N.KZNH,KAZUNO,AKITA,40.0622,140.8084,320,210.23,111.4,AKTH14,0
'01','01',N.ANIH,ANI,AKITA,39.9819,140.4072,145,43.6,103,AKTH13,0
'01','01',N.OGAH,OGA,AKITA,39.9554,139.7623,56,-295.37,353,AKTH11,0
'01','01',N.GJOH,GOJOME,AKITA,39.9155,140.2221,90,-11.38,103,AKTH12,0
'01','01',N.NSNH,NISHIKI-N,AKITA,39.8147,140.5790,318,216.63,103,AKTH01,0
'01','01',N.KWAH,KYOWA,AKITA,39.6884,140.4075,165,63.63,103,AKTH15,0
'01','01',N.NSSH,NISHIKI-S,AKITA,39.6634,140.5721,95,-6.37,103,AKTH02,0
'01','01',N.NSEH,NAKASEN,AKITA,39.5575,140.6116,95,-83.37,180,AKTH17,0
'01','01',N.NSBH,NISHISENBOKU,AKITA,39.5450,140.3481,20,-135.37,157,AKTH16,0
'01','01',N.OMRH,OOMORI,AKITA,39.3548,140.3869,65,-36.37,103,AKTH18,0
'01','01',N.YJMH,YASHIMA,AKITA,39.2223,140.1283,145,40.63,106,AKTH03,0
'01','01',N.YUZH,YUZAWA,AKITA,39.1913,140.4710,74,-107.1,182.5,AKTH19,0
'01','01',N.HNRH,HIGASHINARUSE,AKITA,39.1740,140.7129,280,178.43,103,AKTH04,0
'01','01',N.CHKH,CHOKAI,AKITA,39.0718,140.3185,275,73.63,203,AKTH05,0
'01','01',N.OGCH,OGACHI,AKITA,38.9801,140.4952,285,183.43,103,AKTH06,0
'01','01',N.YWTH,YAWATA,YAMAGATA,38.9701,140.0333,115,7.2,109.3,YMTH08,0
'01','01',N.TZWH,TOZAWA,YAMAGATA,38.7498,140.1780,65,-136.5,203,YMTH09,0
'01','01',N.MGMH,MOGAMI,YAMAGATA,38.7132,140.5546,255,144.5,112,YMTH11,0
'01','01',N.FGTH,FUNAGATA,YAMAGATA,38.7107,140.3744,105,-99.45,207,YMTH10,0
'01','01',N.TCKH,TACHIKAWA,YAMAGATA,38.6357,140.0055,320,115.53,206,YMTH12,0
'01','01',N.ASAH,ASAHI,YAMAGATA,38.4704,139.7606,265,159.55,107,YMTH13,0
'01','01',N.NKEH,NISHIKAWA-E,YAMAGATA,38.4257,140.1249,305,203.43,103,YMTH15,0
'01','01',N.NKWH,NISHIKAWA-W,YAMAGATA,38.3860,139.9916,465,360.48,106,YMTH14,0
'01','01',N.TDOH,TENDO,YAMAGATA,38.3841,140.3805,113,-95,210,YMTH01,0
'01','01',N.YGTH,YAMAGATA,YAMAGATA,38.2690,140.2577,130,-21.49,153,YMTH02,0
'01','01',N.NYOH,NANYO,YAMAGATA,38.1035,140.1553,278,163,117,YMTH03,0
'01','01',N.KMYH,KAMINOYAMA,YAMAGATA,38.0813,140.2978,315,214,103,YMTH04,0
'01','01',N.ONIH,OGUNI,YAMAGATA,37.9881,139.8016,280,172,110,YMTH05,0
'01','01',N.THTH,TAKAHATA,YAMAGATA,37.9633,140.1836,233,87,148,YMTH06,0
'01','01',N.YNZH,YONEZAWA,YAMAGATA,37.8960,140.0278,352,151,203,YMTH07,0
'01','01',N.FKSH,FUKUSHIMA,FUKUSHIMA,37.7643,140.3766,135,-166,303,FKSH16,0
'01','01',N.NAZH,NISHIAIZU,FUKUSHIMA,37.7565,139.7150,437.7,336.7,103,FKSH01,0
'01','01',N.ATKH,ATSUSHIOKANO,FUKUSHIMA,37.7317,139.8821,329.9,228.9,103.3,FKSH02,0
'01','01',N.KMAH,KAWAMATA,FUKUSHIMA,37.6636,140.5974,205,104,103,FKSH17,0
'01','01',N.INWH,INAWASHIRO,FUKUSHIMA,37.6461,140.1735,756.9,655.9,103.3,FKSH15,0
'01','01',N.TSTH,TAKASATO,FUKUSHIMA,37.6078,139.7533,225,97,130,FKSH03,0
'01','01',N.NMEH,NAMIE,FUKUSHIMA,37.4911,140.9871,12,-98,112,FKSH20,0
'01','01',N.MRUH,MIHARU,FUKUSHIMA,37.4894,140.5380,410,309,103,FKSH18,0
'01','01',N.MKJH,MIYAKOJI,FUKUSHIMA,37.4703,140.7227,510,408.45,103,FKSH19,0
'01','01',N.ATDH,AIZUTAKADA,FUKUSHIMA,37.4508,139.8126,277.8,9.3,271,FKSH04,0
'01','01',N.KRYH,KORIYAMA,FUKUSHIMA,37.3530,140.4264,260,59,203,FKSH09,0
'01','01',N.TDMH,TADAMI,FUKUSHIMA,37.3421,139.3147,375,174.77,203,FKSH21,0
'01','01',N.NNMH,NAGANUMA,FUKUSHIMA,37.2822,140.2144,343,237,108,FKSH08,0
'01','01',N.SMGH,SHIMOGO,FUKUSHIMA,37.2544,139.8725,495.5,389.5,108,FKSH05,0
'01','01',N.HTAH,HIRATA,FUKUSHIMA,37.2169,140.5703,470,364,108,FKSH12,0
'01','01',N.YBKH,YABUKI,FUKUSHIMA,37.2006,140.3386,285.7,169.2,118.2,FKSH11,0
'01','01',N.INAH,INA,FUKUSHIMA,37.1723,139.5199,571.9,470.9,103.2,FKSH06,0
'01','01',N.NGUH,NISHIGO,FUKUSHIMA,37.1616,140.0930,564.9,363.9,203.5,FKSH10,0
'01','01',N.IWEH,IWAKI-E,FUKUSHIMA,37.0264,140.9702,3,-145,150,FKSH14,0
'01','01',N.HMTH,HINOEMATA,FUKUSHIMA,37.0103,139.3755,974.1,773.1,203,FKSH07,0
'01','01',N.IWWH,IWAKI-W,FUKUSHIMA,36.9951,140.5853,580,474,108,FKSH13,0
'01','01',N.KI2H,KITAIBARAKI2,IBARAKI,36.8809,140.6545,395,293.35,103,IBRH06,0
'01','01',N.KIBH,KITAIBARAKI,IBARAKI,36.8808,140.6544,396,297.765,101,IBRH06,1
'01','01',N.DGOH,DAIGO,IBARAKI,36.8369,140.3181,210,8.43,203,IBRH12,0
'01','01',N.THGH,TAKAHAGI,IBARAKI,36.7955,140.5750,505,403.64,103,IBRH13,0
'01','01',N.JUOH,JUUOU,IBARAKI,36.6922,140.5484,330,228.45,103,IBRH14,0
'01','01',N.YMAH,YAMAGATA,IBARAKI,36.6405,140.3976,90,-211.57,303,IBRH16,0
'01','01',N.GZNH,GOZENYAMA,IBARAKI,36.5566,140.3013,45,-63.57,110,IBRH15,0
'01','01',N.JHKH,JOHOKU,IBARAKI,36.4390,140.3559,50,-56.62,108.28,IBRH09,0
'01','01',N.IWSH,IWASE,IBARAKI,36.3701,140.1401,67,-37.6,106,IBRH11,0
'01','01',N.NMTH,NAKAMINATO,IBARAKI,36.3654,140.5805,23,-74.334,100.3,IBRH02,0
'01','01',N.HTKH,HITACHINAKA,IBARAKI,36.3631,140.6198,20,-485.57,507,IBRH18,0
'01','01',N.YSTH,YASATO,IBARAKI,36.2558,140.2028,20,-77.73,100.14,IBRH03,0
'01','01',N.TSKH,TSUKUBA,IBARAKI,36.2137,140.0893,175,-36.02,212.5,IBRH19,0
'01','01',N.TYOH,TAIYO,IBARAKI,36.1188,140.5621,40,-1160,1231.5,IBRH08,0
'01','01',N.ISGH,ISHIGE,IBARAKI,36.1112,139.9889,15,-739.43,757.5,IBRH10,0
'01','01',N.KGRH,KASUMIGAURA,IBARAKI,36.0864,140.3140,20,-491.57,513,IBRH17,0
'01','01',N.TBSH,TSUKUBA-S,IBARAKI,35.9814,140.1050,22,-929,1110,IBRH21,0
'01','01',N.EDSH,EDOSAKI,IBARAKI,35.9509,140.3302,,-1200,1234,IBRH07,0
'01','01',N.MORH,MORIYA,IBARAKI,35.9451,140.0015,21,1,20,IBRH01,0
'01','01',N.HASH,HASAKI,IBARAKI,35.8291,140.7322,6,-784.263,805.06,IBRH04,1
'01','01',N.HA2H,HASAKI2,IBARAKI,35.8284,140.7323,5.7,-918.43,925.53,IBRH20,0
'01','01',N.FJWH,FUJIHARA,TOCHIGI,36.9864,139.6929,665,665,,TCGH04,1
'01','01',N.FJ2H,FUJIHARA2,TOCHIGI,36.9853,139.6922,635,529.68,106.8,TCGH17,0
'01','01',N.OT2H,OHTAWARA2,TOCHIGI,36.9060,140.1119,204,102.47,103,TCGH19,0
'01','01',N.KYEH,KURIYAMA-E,TOCHIGI,36.8828,139.6459,702,497.49,206,TCGH08,0
'01','01',N.KYWH,KURIYAMA-W,TOCHIGI,36.8817,139.4534,1085,983.49,103,TCGH07,0
'01','01',N.YITH,YAITA,TOCHIGI,36.8625,139.8364,564,459.49,106,TCGH09,0
'01','01',N.BTOH,BATO,TOCHIGI,36.7342,140.1781,135,-6.51,143,TCGH13,0
'01','01',N.IICH,IMAICHI,TOCHIGI,36.7084,139.7694,290,88.49,203,TCGH11,0
'01','01',N.UJEH,UJIIE,TOCHIGI,36.6959,139.9842,162,40.49,123,TCGH12,0
'01','01',N.ASOH,ASHIO,TOCHIGI,36.6343,139.4614,750,750,,TCGH03,0
'01','01',N.UMYH,UTSUNOMIYA,TOCHIGI,36.5595,139.8637,125,-176.51,303,TCGH15,0
'01','01',N.MOTH,MOTEGI,TOCHIGI,36.5566,140.2134,140,140,,TCGH02,0
'01','01',N.AWNH,AWANO,TOCHIGI,36.5509,139.6154,180,78.49,103,TCGH14,0
'01','01',N.HGAH,HAGA,TOCHIGI,36.5480,140.0751,105,-8.49,115,TCGH16,0
'01','01',N.MOKH,MOKA,TOCHIGI,36.4458,139.9509,70,-1577.98,1738,TCGH06,0
'01','01',N.OHRH,OHIRA,TOCHIGI,36.3599,139.6877,105,105,,TCGH01,0
'01','01',N.MN2H,MINAKAMI2,GUNMA,36.8620,139.0627,760,554.52,207,GNMH13,0
'01','01',N.MNKH,MINAKAMI,GUNMA,36.8415,139.0556,772,772,,GNMH03,1
'01','01',N.TNEH,TONE,GUNMA,36.6998,139.2104,646,444.43,203,GNMH07,0
'01','01',N.TAYH,TAKAYAMA,GUNMA,36.6213,138.9069,455,343.43,113,GNMH09,0
'01','01',N.OMMH,OMAMA,GUNMA,36.5003,139.3180,463,463,,GNMH01,1
'01','01',N.MDRH,MIDORI,GUNMA,36.4931,139.3219,360,158.45,203,GNMH14,0
'01','01',N.TUMH,TSUMAGOI,GUNMA,36.4917,138.5244,1040,888.43,153,GNMH08,0
'01','01',N.HRNH,HARUNA,GUNMA,36.4632,138.8531,980,980,,GNMH04,0
'01','01',N.ISSH,ISESAKI,GUNMA,36.3143,139.1847,57,-1943,2040,GNMH05,0
'01','01',N.TMOH,TOMIOKA,GUNMA,36.2862,138.9210,151,-50.57,203,GNMH11,0
'01','01',N.TBYH,TATEBAYASHI,GUNMA,36.2441,139.5443,20,-1180,1234,GNMH06,0
'01','01',N.SMNH,SHIMONITA,GUNMA,36.2356,138.7291,340,238.43,103,GNMH10,0
'01','01',N.MNBH,MANBA,GUNMA,36.1443,138.9142,895,895,,GNMH02,1
'01','01',N.KNAH,KANNA,GUNMA,36.1440,138.9129,930,826.73,104.7,GNMH12,0
'01','01',N.KIZH,KAMIIZUMI,SAITAMA,36.1509,139.0504,150,48.43,103,SITH05,0
'01','01',N.KWTH,KAWAMOTO,SAITAMA,36.1131,139.2894,80,-121.57,203,SITH06,0
'01','01',N.MNAH,MINANO,SAITAMA,36.0715,139.0993,165,41.48,125,SITH09,0
'01','01',N.YMIH,YOSHIMI,SAITAMA,36.0509,139.4364,50,-51.619,104.1,SITH02,0
'01','01',N.OGOH,OGANO,SAITAMA,36.0274,138.9691,295,193.48,103,SITH08,0
'01','01',N.TO2H,TOKIGAWA2,SAITAMA,35.9969,139.2194,182,80.386,103.014,SITH12,0
'01','01',N.IWTH,IWATSUKI,SAITAMA,35.9290,139.7349,8,-3502.3,3510.5,SITH01,0
'01','01',N.NGRH,NAGURI,SAITAMA,35.9118,139.1485,340,237,105,SITH07,0
'01','01',N.HDKH,HIDAKA,SAITAMA,35.8990,139.3843,51,-1749,1832,SITH03,0
'01','01',N.HHNH,HANNO,SAITAMA,35.8637,139.2726,155,51.98,104.5,SITH11,0
'01','01',N.TKRH,TOKOROZAWA,SAITAMA,35.8028,139.5353,30,-1970,2034,SITH04,0
'01','01',N.NRTH,NARITA,CHIBA,35.8307,140.2980,12,-1288,1336,CHBH13,0
'01','01',N.SHMH,SHIMOSA,CHIBA,35.7966,140.0206,23,-2277.19,2330,CHBH04,0
'01','01',N.CH2H,CHOSHI-C,CHIBA,35.7342,140.8230,2,-524.56,528,CHBH14,0
'01','01',N.YKIH,YOKAICHIBA,CHIBA,35.7218,140.5055,36,-142.1,180.6,CHBH06,1
'01','01',N.SSAH,SOSA,CHIBA,35.7215,140.5046,35,-146.61,183,CHBH06,0
'01','01',N.CHSH,CHOSHI,CHIBA,35.7056,140.8517,50,-44.02,104.08,CHBH07,0
'01','01',N.HSNH,HASUNUMA,CHIBA,35.5943,140.5107,1,-1640.39,1660,CHBH19,0
'01','01',N.CBAH,CHIBA,CHIBA,35.5458,140.2417,65,-1935,2040.5,CHBH10,0
'01','01',N.ICHH,ICHIHARA,CHIBA,35.4042,140.1736,32,-146.03,180.1,CHBH05,0
'01','01',N.FUTH,FUTTSU,CHIBA,35.3445,139.8554,3,-1997,2040,CHBH12,0
'01','01',N.YROH,YORO,CHIBA,35.2867,140.1529,80,-1920,2034,CHBH11,0
'01','01',N.KTUH,KATSUURA,CHIBA,35.1803,140.2656,96,-12.488,112,CHBH08,0
'01','01',N.KT2H,KATSUURA-E,CHIBA,35.1714,140.3398,10,-813.27,824.7,CHBH17,0
'01','01',N.KMWH,KAMOGAWA,CHIBA,35.1384,139.9649,160,-1779.82,2032.75,CHBH16,0
'01','01',N.MINH,MINEOKA,CHIBA,35.1052,139.9876,160,160,,CHBH02,1
'01','01',N.IWKH,IWAI-KITA,CHIBA,35.1015,139.8679,45,-5,50,CHBH01,0
'01','01',N.KMSH,KAMOGAWA-S,CHIBA,35.0882,140.0997,28,-279.65,309.1,CHBH20,0
'01','01',N.TYMH,TATEYAMA,CHIBA,34.9746,139.8451,60,60,,CHBH03,1
'01','01',N.CKRH,CHIKURA,CHIBA,34.9707,139.9459,100,-697.796,803,CHBH09,0
'01','01',N.TY2H,TATEYAMA-W,CHIBA,34.9591,139.7885,30,-471.56,503,CHBH15,0
'01','01',N.HHRH,HINOHARA,TOKYO,35.7385,139.0732,605,605,,TKYH01,0
'01','01',N.HH2H,HINOHARA-S,TOKYO,35.7017,139.1275,360,258.43,103,TKYH13,0
'01','01',N.HOJH,HACHIOJI,TOKYO,35.6701,139.2650,210,61.43,150,TKYH12,0
'01','01',N.FCHH,FUCHU,TOKYO,35.6539,139.4704,45,-2706.5,2783,TKYH02,0
'01','01',N.KOTH,KOTO,TOKYO,35.6114,139.8125,6,-2994,3030,TKYH11,0
'01','01',N.NJMH,NIIJIMA,TOKYO,34.4236,139.2828,20,20,,TKYH03,0
'01','01',N.KHZH,KOUZUSHIMA,TOKYO,34.1993,139.1353,60,60,,TKYH05,0
'01','01',N.MKEH,MIYAKE,TOKYO,34.1092,139.5060,170,75.231,102.5,TKYH06,0
'01','01',N.HCJH,HACHIJO,TOKYO,33.0771,139.8396,40,40,,TKYH07,0
'01','01',N.FJOH,FUJINO,KANAGAWA,35.6437,139.1283,320,218.43,103,KNGH18,0
'01','01',N.HRMH,KAWASAKI,KANAGAWA,35.5541,139.6762,5,-535.7,609,KNGH01,0
'01','01',N.AKWH,AIKAWA,KANAGAWA,35.5232,139.3149,80,-7.757,93.768,KNGH04,0
'01','01',N.YKHH,YOKOHAMA,KANAGAWA,35.4991,139.5195,62,-1938,2045,KNGH10,0
'01','01',N.YMKH,YAMAKITA,KANAGAWA,35.4904,139.0594,665,564.309,103.745,KNGH05,0
'01','01',N.KIYH,KIYOKAWA,KANAGAWA,35.4628,139.2146,455,243.43,213,KNGH21,0
'01','01',N.KRKH,KUROKURA,KANAGAWA,35.4443,139.1157,690,514.522,183.1,KNGH06,0
'01','01',N.YM2H,YAMAKITA-C,KANAGAWA,35.4173,139.0436,330,228.43,103,KNGH19,0
'01','01',N.ATGH,ATSUGI,KANAGAWA,35.4040,139.3539,12,-1788,1837,KNGH11,0
'01','01',N.YFTH,TOMIOKA,KANAGAWA,35.3700,139.6184,79,-37.5,116.5,KNGL01,0
'01','01',N.MTDH,MATSUDA,KANAGAWA,35.3663,139.1260,465,357.93,108.5,KNGH20,0
'01','01',N.YKSH,YAMAKITA-S,KANAGAWA,35.3583,139.0910,157,-1844.77,2030,KNGH22,0
'01','01',N.HRTH,HIRATSUKA,KANAGAWA,35.3203,139.3088,175,-14,189,KNGH08,0
'01','01',N.ASGH,MINAMIASHIGARA,KANAGAWA,35.3168,139.0247,480,385.61,97.53,KNGH02,0
'01','01',N.HYMH,HAYAMA,KANAGAWA,35.2624,139.6110,101.5,-0.095,103,KNGH23,0
'01','01',N.ODWH,ODAWARA,KANAGAWA,35.2524,139.1042,290,192,98,KNGH07,0
'01','01',N.YSKH,YOKOSUKA,KANAGAWA,35.2110,139.6964,12,-189.32,216,KNGH03,0
'01','01',N.MNZH,MANAZURU,KANAGAWA,35.1458,139.1500,50,-150,200,KNGH09,0
'01','01',N.AHIH,ASAHI,NIIGATA,38.2799,139.5486,34,-71.99,107.5,NIGH02,0
'01','01',N.ARKH,ARAKAWA,NIIGATA,38.1326,139.4292,6,-216.52,224,NIGH03,0
'01','01',N.SKWH,SEKIKAWA,NIIGATA,38.1312,139.5426,78,-23.52,103,NIGH04,0
'01','01',N.SROH,SEIRO,NIIGATA,37.9759,139.2788,7,-141.52,150,NIGH05,0
'01','01',N.TWAH,TSUGAWA,NIIGATA,37.6708,139.4648,68,-233.52,303,NIGH08,0
'01','01',N.MRMH,MURAMATSU,NIIGATA,37.6658,139.2610,75,-33.02,109.5,NIGH07,0
'01','01',N.KMOH,KAMO,NIIGATA,37.6527,139.0676,30,-71.52,103,NIGH06,0
'01','01',N.KMKH,KAMIKAWA,NIIGATA,37.5438,139.3648,218,116.48,103,NIGH10,0
'01','01',N.STDH,SHITADA,NIIGATA,37.5386,139.1279,93,-8.52,103,NIGH09,0
'01','01',N.NGOH,NAGAOKA,NIIGATA,37.4254,138.8856,85,-17.06,103.55,NIGH01,0
'01','01',N.YNTH,YUNOTANI,NIIGATA,37.2239,138.9821,110,-0.23,113,NIGH12,0
'01','01',N.KWNH,KAWANISHI,NIIGATA,37.1728,138.7440,165,-40.23,208,NIGH11,0
'01','01',N.MAKH,MAKI,NIIGATA,37.0544,138.3966,230,129.77,103,NIGH13,0
'01','01',N.MUIH,MUIKA,NIIGATA,37.0533,138.9951,358,257.77,103,NIGH15,0
'01','01',N.SZWH,SHIOZAWA,NIIGATA,37.0303,138.8521,185,-202.23,390,NIGH14,0
'01','01',N.MKOH,MYOKO,NIIGATA,36.9425,138.2594,240,129.77,113,NIGH18,0
'01','01',N.IGWH,ITOIGAWA,NIIGATA,36.9378,137.8480,149,48.77,103,NIGH16,0
'01','01',N.MKGH,MYOKOKOGEN,NIIGATA,36.8568,138.0967,1305,1153.43,153,NIGH17,0
'01','01',N.YZWH,YUZAWA,NIIGATA,36.8114,138.7849,985,884.77,103,NIGH19,0
'01','01',N.HIMH,HIMI,TOYAMA,36.8866,136.9276,30,-171.52,203,TYMH01,0
'01','01',N.UOZH,UOZU,TOYAMA,36.7914,137.4689,154,52.48,103,TYMH04,0
'01','01',N.TOYH,TOYAMA,TOYAMA,36.7294,137.2627,8,-568.72,583.5,TYMH03,0
'01','01',N.DMOH,DAIMON,TOYAMA,36.7142,137.0378,5,-208.52,215,TYMH02,0
'01','01',N.KHTH,KAMIICHIHIGASHITANE,TOYAMA,36.6705,137.4240,290,238.05,53.5,TYMH08,0
'01','01',N.IMIH,INAMI,TOYAMA,36.5736,136.9584,89,-55.12,145.6,TYMH05,0
'01','01',N.YTOH,YATSUO,TOYAMA,36.5711,137.1595,110,-91.52,203,TYMH06,0
'01','01',N.TOGH,TOGA,TOYAMA,36.4406,137.0392,670,568.48,103,TYMH07,0
'01','01',N.SUZH,SUZU,ISHIKAWA,37.5266,137.2844,48,-153.99,203.5,ISKH01,0
'01','01',N.YGDH,YANAGIDA,ISHIKAWA,37.3644,137.0413,121,17.48,105,ISKH02,0
'01','01',N.UCUH,UCHIURA,ISHIKAWA,37.3458,137.2436,19,-189.47,210,ISKH03,0
'01','01',N.WMZH,WAJIMAMONZEN,ISHIKAWA,37.2906,136.7578,10,-41.95,53.5,ISKH10,0
'01','01',N.AMZH,ANAMIZU,ISHIKAWA,37.2224,136.9689,56,-50.52,108,ISKH05,0
'01','01',N.TGIH,TOGI,ISHIKAWA,37.1902,136.7176,56,-61.97,119.5,ISKH04,0
'01','01',N.SHKH,SHIKA,ISHIKAWA,37.0533,136.8206,20,-181.97,203.45,ISKH06,0
'01','01',N.TBTH,TSUBATA,ISHIKAWA,36.7380,136.7906,119,17.48,103,ISKH08,0
'01','01',N.KNZH,KANAZAWA,ISHIKAWA,36.5150,136.6357,103,-700.67,805.5,ISKH07,0
'01','01',N.OKCH,OGUCHI,ISHIKAWA,36.2667,136.7168,560,452.98,108.5,ISKH09,0
'01','01',N.EIHH,EIHEIJI,FUKUI,36.0955,136.3617,65,-36.48,103,FKIH01,0
'01','01',N.OTAH,OTA,FUKUI,35.9483,136.0556,120,18.48,103,FKIH02,0
'01','01',N.IZUH,IZUMI,FUKUI,35.9415,136.6990,510,308.5,203,FKIH03,0
'01','01',N.TRGH,TSURUGA,FUKUI,35.6390,136.0303,10,-113.52,125,FKIH05,0
'01','01',N.MIKH,MIKATA,FUKUI,35.5587,135.8694,3,-198.52,203,FKIH04,0
'01','01',N.TKHH,TAKAHAMA,FUKUI,35.4907,135.4841,160,58.51,103,FKIH06,0
'01','01',N.OBMH,OBAMA,FUKUI,35.4573,135.7266,43,-63.02,107.5,FKIH07,0
'01','01',N.SDMH,SUTAMA,YAMANASHI,35.8675,138.5739,1376,1270.431,108.1,YMNH04,0
'01','01',N.HQNH,HOKUTOHAKUSHU-N,YAMANASHI,35.8501,138.2644,1154,1101.95,53,YMNH19,0
'01','01',N.HQSH,HOKUTOHAKUSHU-S,YAMANASHI,35.7974,138.2982,775,723.55,53,YMNH18,0
'01','01',N.NRSH,NIRASAKIMARUNO,YAMANASHI,35.7604,138.3874,585,533.55,53,YMNH20,0
'01','01',N.KF2H,KOFU2,YAMANASHI,35.7421,138.5653,595,337.38,259,YMNH16,0
'01','01',N.ENZH,ENZAN,YAMANASHI,35.7392,138.8019,890,801.32,92.7,YMNH02,0
'01','01',N.NSHH,NISHINOHARA,YAMANASHI,35.6895,138.7340,375,-831.01,1245,YMNH08,0
'01','01',N.ASYH,ASHIYASU,YAMANASHI,35.6386,138.3703,810,810,,YMNH05,0
'01','01',N.OOKH,OTSUKI,YAMANASHI,35.6247,138.9777,465,263.46,203,YMNH11,0
'01','01',N.MSFH,MASUHO,YAMANASHI,35.5623,138.4490,295,145.96,150.5,YMNH12,0
'01','01',N.HYNH,HAYAKAWA-N,YAMANASHI,35.5351,138.3087,695,586.46,110,YMNH10,0
'01','01',N.KKKH,KAMIKUISHIKI,YAMANASHI,35.5323,138.6045,525,407.98,118.5,YMNH15,0
'01','01',N.TR2H,SHISHIDOME,YAMANASHI,35.5153,138.8838,590,150.801,443.41,YMNH06,0
'01','01',N.TRUH,TSURU,YAMANASHI,35.5138,138.9408,725,567.579,160,YMNH03,0
'01','01',N.TU2H,TSURU-S,YAMANASHI,35.5115,138.9675,1010,758.43,253,YMNH14,0
'01','01',N.SHJH,SHOJI,YAMANASHI,35.4956,138.6086,950,950,,YMNH07,1
'01','01',N.HYKH,HAYAKAWA,YAMANASHI,35.4327,138.3325,393,233.38,161.1,YMNH09,0
'01','01',N.SMBH,SHIMOBE,YAMANASHI,35.4189,138.4803,300,201.22,101,YMNH01,0
'01','01',N.MBUH,MINOBU,YAMANASHI,35.3509,138.4203,255,49.46,207,YMNH13,0
'01','01',N.NZWH,NOZAWAONSEN,NAGANO,36.9102,138.4408,570,458.46,113,NGNH29,0
'01','01',N.OTNH,OTARINAKAOTARI,NAGANO,36.8089,137.9039,590,538.05,53.5,NGNH55,0
'01','01',N.NKNH,NAKANO,NAGANO,36.7431,138.3759,380,178.51,203,NGNH07,0
'01','01',N.TGKH,TOGAKUSHI,NAGANO,36.7075,138.0964,935,813.46,123,NGNH28,0
'01','01',N.HBAH,HAKUBA,NAGANO,36.6984,137.8482,725,95.01,632,NGNH36,0
'01','01',N.HKKH,HAKUBAKAMISHIRO,NAGANO,36.6440,137.8594,750,698.05,53.5,NGNH50,0
'01','01',N.OSTH,OGAWASETOGAWA,NAGANO,36.6317,137.9656,545,493.05,53.5,NGNH51,0
'01','01',N.SSSH,SHINSHUSHIN,NAGANO,36.5770,138.0479,505,401.46,105,NGNH27,0
'01','01',N.SNBH,SHINSHUSHINNOBUSHINA,NAGANO,36.5533,137.9415,705,705,,NGNH43,0
'01','01',N.OM2H,OMACHI-C,NAGANO,36.5327,137.8201,825,717.9,108.5,NGNH34,0
'01','01',N.OMCH,OMACHI,NAGANO,36.4946,137.7239,1070,1070,,NGNH06,0
'01','01',N.OMYH,OMACHIYASHIRO,NAGANO,36.4680,137.8691,690,638.05,53.5,NGNH52,0
'01','01',N.KMDH,KAMIYAMADA,NAGANO,36.4663,138.1474,395,290.43,106,NGNH26,0
'01','01',N.IKSH,IKUSAKA,NAGANO,36.4598,137.9637,490,382.9,108.5,NGNH33,0
'01','01',N.CHHH,CHIKUHOKUHIGASHIJO,NAGANO,36.4022,138.0208,675,623.05,53.5,NGNH53,0
'01','01',N.HOTH,HOTAKA,NAGANO,36.3824,137.8201,720,613.4,108,NGNH35,0
'01','01',N.AAKH,AZUMINOAKASHINA,NAGANO,36.3726,137.9203,535,483.05,53.5,NGNH49,0
'01','01',N.MYTH,MIYOTA,NAGANO,36.3308,138.4967,845,134.48,712,NGNH37,0
'01','01',N.AHMH,AZUMINOHOTAKAMAKI,NAGANO,36.3137,137.8072,982,982,,NGNH40,0
'01','01',N.MANH,MATSUMOTOAKANUTA,NAGANO,36.3127,138.0167,800,800,,NGNH42,0
'01','01',N.ATYH,AZUMINOTOYOSHINA,NAGANO,36.3036,137.9390,545,493.05,53.5,NGNH48,0
'01','01',N.TKSH,TAKESHI,NAGANO,36.2859,138.2491,605,503.51,103,NGNH09,0
'01','01',N.MMOH,MATSUMOTO,NAGANO,36.2578,137.9898,640,538.5,103,NGNH32,0
'01','01',N.MSTH,MISATO,NAGANO,36.2541,137.8591,668,416.51,253,NGNH08,0
'01','01',N.MWDH,MATSUMOTOWADA,NAGANO,36.2118,137.9140,614,562.05,53.5,NGNH47,0
'01','01',N.MNYH,MATSUMOTONAKAYAMA,NAGANO,36.1987,138.0122,830,830,,NGNH41,0
'01','01',N.MAZH,MATSUMOTOAZUMI,NAGANO,36.1868,137.8030,760,760,,NGNH39,0
'01','01',N.USDH,USUDA,NAGANO,36.1844,138.5611,970,970,,NGNH02,1
'01','01',N.SAKH,SAKU,NAGANO,36.1425,138.5504,860,758.48,103,NGNH17,0
'01','01',N.SOJH,SHIOJIRI,NAGANO,36.1184,137.9389,720,500.9,220.5,NGNH31,0
'01','01',N.SSWH,SHIMOSUWA,NAGANO,36.1088,138.1297,1088,987.207,103,NGNH04,0
'01','01',N.NGWH,NAGAWA,NAGANO,36.0640,137.6849,1095,992.4,104,NGNH30,0
'01','01',N.TONH,TATSUNOONO,NAGANO,36.0467,137.9917,940,888.6,52.4,NGNH46,0
'01','01',N.SSGH,SUWASHIGA,NAGANO,36.0233,138.1400,863,811,53,NGNH44,0
'01','01',N.TTNH,TATSUNO,NAGANO,36.0088,137.9305,820,718.43,103,NGNH15,0
'01','01',N.SUYH,SUWAUSHIROYAMA,NAGANO,35.9772,138.0636,1016,964.7,52.4,NGNH45,0
'01','01',N.KWKH,KAWAKAMI,NAGANO,35.9735,138.5845,1190,1073.48,118,NGNH19,0
'01','01',N.MMKH,MINAMIMAKI,NAGANO,35.9696,138.4797,1320,1112.51,209,NGNH12,0
'01','01',N.KSOH,KISO,NAGANO,35.9632,137.7669,960,854.71,106.8,NGNH10,0
'01','01',N.CHNH,CHINO,NAGANO,35.9465,138.1848,870,621.4,250,NGNH16,0
'01','01',N.KADH,KAIDA,NAGANO,35.9324,137.5950,1150,1048.48,103,NGNH18,0
'01','01',N.FMIH,FUJIMI,NAGANO,35.9157,138.3052,1238,1030.81,208.7,NGNH11,0
'01','01',N.INHH,INA,NAGANO,35.8315,137.9236,770,587.98,183.5,NGNH21,0
'01','01',N.HSEH,HASE,NAGANO,35.7946,138.0824,820,718.48,103,NGNH22,0
'01','01',N.AGMH,AGEMATSU,NAGANO,35.7870,137.7173,895,793.48,103,NGNH20,0
'01','01',N.KGNH,KOMAGANE,NAGANO,35.7550,137.9688,630,630,,NGNH01,0
'01','01',N.MTKH,MATSUKAWA,NAGANO,35.6152,137.8797,715,606.48,110,NGNH24,0
'01','01',N.NGIH,NAGISO,NAGANO,35.6056,137.6105,430,326.48,105,NGNH23,0
'01','01',N.TKGH,TAKAGI,NAGANO,35.5143,137.8767,423,297.51,127,NGNH13,0
'01','01',N.ACHH,ACHI,NAGANO,35.4786,137.7350,865,758.71,109.3,NGNH03,1
'01','01',N.AC2H,ACHI2,NAGANO,35.4786,137.7346,870,703.4,168,NGNH03,0
'01','01',N.IIDH,IIDA,NAGANO,35.4489,138.0058,1168,1063.08,106.5,NGNH54,0
'01','01',N.HRYH,HIRAYA,NAGANO,35.3095,137.6261,960,857.51,104.5,NGNH14,0
'01','01',N.MSNH,MINAMISHINANO,NAGANO,35.2986,137.9268,430,326.98,104.5,NGNH25,0
'01','01',N.KOKH,KAMIOKA,GIFU,36.3779,137.3716,910,808.43,103,GIFH10,0
'01','01',N.SRWH,SHIRAKAWA,GIFU,36.2743,136.8979,480,325.2,156.2,GIFH13,0
'01','01',N.KTRH,KAMITAKARA,GIFU,36.2493,137.5174,810,708.44,103,GIFH14,0
'01','01',N.FRKH,FURUKAWA,GIFU,36.2448,137.1983,571.56,469.64,103.4,GIFH04,0
'01','01',N.TMAH,TAKAYAMA,GIFU,36.1338,137.2208,625,518.94,107.5,GIFH15,0
'01','01',N.ASNH,ASAHI-N,GIFU,36.0940,137.3438,790,688.4,103,GIFH16,0
'01','01',N.SYKH,SHOKAWA,GIFU,36.0654,136.9479,839,738,103,GIFH05,0
'01','01',N.ASSH,ASAHI-S,GIFU,36.0216,137.3906,910,808.4,103,GIFH19,0
'01','01',N.TSUH,TAKASU,GIFU,35.9514,136.8732,610,508.4,103,GIFH17,0
'01','01',N.MZEH,MAZE,GIFU,35.8991,137.1495,570,461.4,110,GIFH18,0
'01','01',N.YMTH,YAMATO,GIFU,35.8323,136.9621,515,413.08,102.5,GIFH08,0
'01','01',N.GR2H,GERO-N,GIFU,35.7991,137.2531,355,225.74,130.7,GIFH20,0
'01','01',N.GERH,GERO,GIFU,35.7306,137.3021,620,620,,GIFH02,0
'01','01',N.ITDH,ITADORI,GIFU,35.7235,136.7847,350,248.48,103,GIFH23,0
'01','01',N.KAYH,KANAYAMA,GIFU,35.6682,137.1054,435,333.44,103,GIFH22,0
'01','01',N.MNMH,MINAMI,GIFU,35.6665,136.9618,170,-31.6,203,GIFH21,0
'01','01',N.HSKH,HIGASHISHIRAKAWA,GIFU,35.6401,137.3187,330,221.89,109.5,GIFH24,0
'01','01',N.NEOH,NEO,GIFU,35.6325,136.6134,170,66.58,103,GIFH03,0
'01','01',N.SKUH,SAKAUCHI,GIFU,35.6033,136.4134,260,152.41,109,GIFH12,0
'01','01',N.TNMH,TANIGUMI,GIFU,35.5214,136.6127,75,-29.02,105.5,GIFH25,0
'01','01',N.TKTH,TAKATOMI,GIFU,35.5038,136.7939,28,-173.77,203.2,GIFH06,0
'01','01',N.YOTH,YAOTSU,GIFU,35.4865,137.2464,563,461.43,103,GIFH11,0
'01','01',N.NTGH,NAKATSUGAWA,GIFU,35.4571,137.4706,440,37.98,403.5,GIFH28,0
'01','01',N.MKMH,MINOKAMO,GIFU,35.4527,137.0040,85,-116.52,203,GIFH27,0
'01','01',N.KSGH,KASUGA,GIFU,35.4179,136.4347,410,308,103.38,GIFH07,0
'01','01',N.KMHH,KAKAMIGAHARA,GIFU,35.4121,136.8764,35,-67.02,103.5,GIFH26,0
'01','01',N.KIDH,KAMIISHIZU,GIFU,35.2953,136.4732,90,-48.02,139.5,GIFH29,0
'01','01',N.HMAH,HASHIMA,GIFU,35.2768,136.7002,5,-1495.05,1538.2,GIFH09,0
'01','01',N.KSHH,KUSHIHARA,GIFU,35.2608,137.4058,440,342.545,100.9,GIFH01,0
'01','01',N.SONH,SHIZUOKA-N,SHIZUOKA,35.3070,138.1973,880,776.45,105,SZOH29,0
'01','01',N.HTNH,HATANAGI,SHIZUOKA,35.3029,138.2076,840,840,,SZOH15,0
'01','01',N.SSNH,SUSONO,SHIZUOKA,35.2655,138.8069,900,900,,SZOH19,0
'01','01',N.FJMH,FUJINOMIYA,SHIZUOKA,35.2363,138.5939,138,-58.869,199.315,SZOH14,0
'01','01',N.MS2H,MISAKUBO-N,SHIZUOKA,35.2233,137.9181,540,436.48,105,SZOH30,0
'01','01',N.SBKH,SHIBAKAWA,SHIZUOKA,35.2028,138.5659,80,-225.5,307,SZOH37,0
'01','01',N.MSKH,MISAKUBO,SHIZUOKA,35.1981,137.9359,850,770.35,80,SZOH05,0
'01','01',N.SUMH,SUMATAKYO,SHIZUOKA,35.1724,138.1236,505,320,185,SZOH27,0
'01','01',N.NMZH,NUMAZU,SHIZUOKA,35.1609,138.8431,205,109.32,100.6,SZOH10,0
'01','01',N.SZUH,SHIMIZU-N,SHIZUOKA,35.1304,138.4243,540,420,121.5,SZOH34,0
'01','01',N.SIZH,SHIZUOKA,SHIZUOKA,35.1147,138.3267,180,77.28,106,SZOH08,0
'01','01',N.HKWH,HONKAWANE,SHIZUOKA,35.0966,138.1351,445,338.789,109.266,SZOH13,0
'01','01',N.KNIH,KANNAMI,SHIZUOKA,35.0854,138.9779,100,-101.47,203,SZOH38,0
'01','01',N.NRYH,NIRAYAMA,SHIZUOKA,35.0632,138.9597,15,-89.572,108.2,SZOH07,0
'01','01',N.HTSH,HATSUSHIMA,SHIZUOKA,35.0418,139.1686,20,-74.443,110,SZOH16,1
'01','01',N.HT2H,HATSUSHIMA2,SHIZUOKA,35.0417,139.1685,20,-91.83,113.29,SZOH54,0
'01','01',N.KMTH,KUROMATA,SHIZUOKA,35.0331,138.2146,220,42.377,180.3,SZOH22,0
'01','01',N.SOSH,SHIZUOKA-S,SHIZUOKA,35.0146,138.3526,50,-53.52,105,SZOH33,0
'01','01',N.TT2H,TATSUYAMA-E,SHIZUOKA,35.0086,137.8409,325,220.45,106,SZOH32,0
'01','01',N.TATH,TATSUYAMA,SHIZUOKA,35.0050,137.7968,480,308.3,205,SZOH23,0
'01','01',N.SZJH,SHUZENJI,SHIZUOKA,34.9756,138.9128,250,45.48,206,SZOH42,0
'01','01',N.SMSH,SHIMIZU-S,SHIZUOKA,34.9739,138.4924,20,-220.51,242,SZOH43,0
'01','01',N.HDAH,HEDA,SHIZUOKA,34.9679,138.8017,55,-45.57,104,SZOH17,0
'01','01',N.HD2H,HEDA2,SHIZUOKA,34.9678,138.8021,65,-35.324,102.5,SZOH51,0
'01','01',N.OKBH,OKABE,SHIZUOKA,34.9533,138.2506,70,-30.8,104.8,SZOH02,0
'01','01',N.ITOH,ITO,SHIZUOKA,34.9521,139.1379,10,-82.465,94.792,SZOH20,0
'01','01',N.ITHH,ITO-C,SHIZUOKA,34.9467,139.0855,140,-161.46,303,SZOH35,0
'01','01',N.KNEH,KAWANE,SHIZUOKA,34.9398,138.0767,145,41.48,105,SZOH31,0
'01','01',N.JIZH,NAKAIZU,SHIZUOKA,34.9161,138.9936,255,255,,SZOH01,0
'01','01',N.FJEH,FUJIEDA,SHIZUOKA,34.9142,138.2008,90,-12.52,103,SZOH36,0
'01','01',N.TNRH,TENRYU,SHIZUOKA,34.9110,137.8821,160,85.37,74.96,SZOH04,0
'01','01',N.KG3H,KAKEGAWA3,SHIZUOKA,34.8769,138.0175,182,80.508,103.407,SZOH53,0
'01','01',N.KGWH,KAKEGAWA,SHIZUOKA,34.8659,138.0191,165,65.169,103.3,SZOH06,1
'01','01',N.MRIH,MORI,SHIZUOKA,34.8601,137.9424,55,-141.948,199.712,SZOH21,0
'01','01',N.INSH,INASA,SHIZUOKA,34.8343,137.6616,19.2,-282.27,303,SZOH24,0
'01','01',N.MKBH,MIKKABI,SHIZUOKA,34.8050,137.5109,60,-39.34,102.65,SZOH11,0
'01','01',N.NS2H,NISHIIZU-W,SHIZUOKA,34.7988,138.7724,130,25.49,106,SZOH39,0
'01','01',N.FKRH,FUKUROI,SHIZUOKA,34.7948,137.9034,22.7,-428.78,453,SZOH26,0
'01','01',N.NSIH,NISHIIZU,SHIZUOKA,34.7903,138.8009,20,-429.59,449.59,SZOH03,1
'01','01',N.KWZH,KAWAZU,SHIZUOKA,34.7832,138.9700,235,26.49,210,SZOH40,0
'01','01',N.SMDH,SHIMODA,SHIZUOKA,34.7409,138.9312,70,-17.707,91,SZOH12,0
'01','01',N.ARIH,ARAI,SHIZUOKA,34.6913,137.5604,6,-445.48,453,SZOH25,0
'01','01',N.OHSH,OSUKA,SHIZUOKA,34.6859,138.0124,70,-64.842,137.7,SZOH18,0
'01','01',N.MIZH,MINAMIIZU,SHIZUOKA,34.6749,138.8340,60,-50.47,112,SZOH41,0
'01','01',N.HMMH,HAMAMATSU,SHIZUOKA,34.6683,137.7441,5,-1006.52,1025.65,SZOH28,0
'01','01',N.HMOH,HAMAOKA,SHIZUOKA,34.6342,138.1561,35,-63.297,100.7,SZOH09,0
'01','01',N.KGIH,KASUGAI,AICHI,35.3059,137.0570,162.48,62.48,102,AICH11,0
'01','01',N.ASHH,ASAHI,AICHI,35.2194,137.4039,621.43,420.43,203,AICH07,0
'01','01',N.KYSH,KIYOSU,AICHI,35.2177,136.8509,5,-733.67,739,AICH13,0
'01','01',N.NGKH,NAGAKUTE,AICHI,35.1842,137.0474,60,-148.52,210,AICH14,0
'01','01',N.TYEH,TOYONE,AICHI,35.1840,137.7268,755,652.49,104,AICH17,0
'01','01',N.STRH,SHITARA,AICHI,35.1543,137.5350,655,552.5,104,AICH16,0
'01','01',N.ASUH,ASUKE,AICHI,35.1392,137.3359,150,28.83,122.7,AICH15,0
'01','01',N.TOEH,TOEI,AICHI,35.0814,137.7208,250,250,,AICH03,0
'01','01',N.SMYH,SHIMOYAMA,AICHI,35.0398,137.3125,400,302.096,101,AICH01,0
'01','01',N.HOUH,HOURAI,AICHI,35.0002,137.6243,160,60,101.48,AICH10,0
'01','01',N.OKZH,OKAZAKI,AICHI,34.9635,137.2377,200,98.52,103,AICH18,0
'01','01',N.TDEH,TSUKUDE,AICHI,34.9512,137.4114,545,443.5,103,AICH19,0
'01','01',N.ANJH,ANJO,AICHI,34.9319,137.0568,5,-1045,1082.93,AICH04,0
'01','01',N.NUKH,NUKATA,AICHI,34.9189,137.2993,90,-10,101.48,AICH08,0
'01','01',N.SSRH,SHINSHIRO,AICHI,34.8976,137.4876,55,-46.51,103,AICH20,0
'01','01',N.TKNH,TOKONAME,AICHI,34.8886,136.8763,56,-344,402.44,AICH05,0
'01','01',N.TK2H,TOKONAME2,AICHI,34.8806,136.8316,3.2,-997.815,1010,AICH23,0
'01','01',N.HAZH,HAZU,AICHI,34.7884,137.1057,10,-391.52,403,AICH12,0
'01','01',N.THNH,TOYOHASHI-N,AICHI,34.7853,137.4393,30,-171.48,203,AICH22,0
'01','01',N.MCTH,MINAMICHITA,AICHI,34.7401,136.9385,20,-81.51,103,AICH21,0
'01','01',N.TYHH,TOYOHASHI,AICHI,34.6643,137.3902,60,-301.52,363,AICH09,0
'01','01',N.ABNH,AKABANE,AICHI,34.6325,137.2313,40,40,,AICH02,0
'01','01',N.ATMH,ATSUMI,AICHI,34.6158,137.0419,5,-295,301.63,AICH06,0
'01','01',N.YOKH,YOKKAICHI,MIE,34.9849,136.4563,290,150.08,141.55,MIEH01,0
'01','01',N.GNOH,GEINO,MIE,34.8224,136.4245,75,-123,200,MIEH10,0
'01','01',N.OYMH,OYAMADA,MIE,34.7662,136.2835,280,79.94,202.48,MIEH02,0
'01','01',N.URSH,URESINO,MIE,34.5470,136.3692,280,179.08,102.55,MIEH03,0
'01','01',N.MASH,MATSUSAKA,MIE,34.5424,136.5033,35,-116,153,MIEH08,0
'01','01',N.MGWH,MIYAGAWA,MIE,34.3580,136.3293,129,28,103,MIEH06,0
'01','01',N.WATH,WATARAI,MIE,34.3532,136.5866,90,-20.92,112.55,MIEH04,0
'01','01',N.SMAH,SHIMA,MIE,34.2544,136.8216,10,-198,210,MIEH07,0
'01','01',N.OWSH,OWASE,MIE,34.0637,136.1689,85,-16,103,MIEH05,0
'01','01',N.KHOH,KIHO,MIE,33.7644,135.9969,90,-11,103,MIEH09,0
'01','01',N.OTUH,OTSU,SHIGA,35.2482,135.8671,305,205,101.48,SIGH02,0
'01','01',N.TAGH,TAGA,SHIGA,35.2383,136.3599,610,510,101.48,SIGH01,0
'01','01',N.HNOH,HINO,SHIGA,34.9638,136.2610,320,120.08,202.48,SIGH04,0
'01','01',N.SGRH,SHIGARAKI,SHIGA,34.8530,136.0316,360,160.08,202.48,SIGH03,0
'01','01',N.INEH,INE,KYOTO,35.7101,135.2496,28,-173,203,KYTH02,0
'01','01',N.AMNH,AMINO,KYOTO,35.6814,135.0268,5,-146.59,153,KYTH05,0
'01','01',N.NDGH,NODAGAWA,KYOTO,35.5243,135.1243,15,-141,158,KYTH01,0
'01','01',N.FKCH,FUKUCHIYAMA,KYOTO,35.3130,135.1334,40,-261,303,KYTH03,0
'01','01',N.MYMH,MIYAMA,KYOTO,35.2685,135.5508,190,89,103,KYTH04,0
'01','01',N.KMEH,KAMEOKA,KYOTO,35.0469,135.4846,175,73.41,103,KYTH06,0
'01','01',N.KYTH,KYOTO,KYOTO,35.0094,135.7304,32,-673.7,706.93,KYTH08,0
'01','01',N.KMMH,KUMIYAMA,KYOTO,34.8983,135.7461,11,-790.57,803,KYTH07,0
'01','01',N.KTNH,KATANO,OSAKA,34.7630,135.7052,240,40,202,OSKH04,0
'01','01',N.OSKH,OSAKA,OSAKA,34.7159,135.5199,1,-1001.608,1012.458,OSKH05,0
'01','01',N.KNHH,KONOHANA,OSAKA,34.6628,135.3896,6.68,-1993.18,2032.81,OSKH02,0
'01','01',N.TISH,TAISHI,OSAKA,34.5248,135.6608,128.99,28.99,102,OSKH03,0
'01','01',N.TJRH,TAJIRI,OSAKA,34.3977,135.2836,4.98,-1494.98,1532.2,OSKH01,0
'01','01',N.KSMH,KASUMI,HYOGO,35.6208,134.6566,230,129.08,103.2,HYGH13,0
'01','01',N.MROH,MURAOKA,HYOGO,35.4697,134.5953,225,123.41,103,HYGH15,0
'01','01',N.IZSH,IZUSHI,HYOGO,35.4574,134.8621,15,-87.42,104.6,HYGH14,0
'01','01',N.SNTH,SANTO,HYOGO,35.2925,134.9071,180,-20,202,HYGH11,0
'01','01',N.HAGH,HAGA,HYOGO,35.2193,134.5237,365,265,101.48,HYGH03,0
'01','01',N.KAMH,KAMI,HYOGO,35.1006,134.9037,155,45.08,113,HYGH08,0
'01','01',N.SSYH,SASAYAMA,HYOGO,35.0708,135.2811,217.85,117.93,103,HYGH04,0
'01','01',N.NKOH,NANKO,HYOGO,35.0671,134.4234,205,102,104.48,HYGH02,0
'01','01',N.YMSH,YUMESAKI,HYOGO,35.0322,134.6701,160,60,101.48,HYGH07,0
'01','01',N.SGUH,SHINGU,HYOGO,34.9313,134.5423,70,-29.92,102.43,HYGH12,0
'01','01',N.TJOH,TOJO,HYOGO,34.9082,135.0844,140,40,101.48,HYGH09,0
'01','01',N.KMGH,KAMIGORI,HYOGO,34.8995,134.3284,80,-20,102.43,HYGH05,0
'01','01',N.KKGH,KAKOGAWA,HYOGO,34.8166,134.8080,16.6,-83.4,101.48,HYGH10,0
'01','01',N.AIOH,AIOI,HYOGO,34.7934,134.4797,60,-139.92,202.52,HYGH06,0
'01','01',N.MHRH,MIHARA,HYOGO,34.2937,134.7941,61,-40,102.48,HYGH01,0
'01','01',N.YZEH,YAMAZOE,NARA,34.6413,136.0512,276.6,175.68,102.46,NARH06,0
'01','01',N.TRIH,TENRI,NARA,34.5843,135.8541,130,28.41,103,NARH07,0
'01','01',N.HYSH,HIGASHIYOSHINO,NARA,34.4237,136.0294,390,289.08,102.44,NARH05,0
'01','01',N.KRTH,KUROTAKI,NARA,34.3061,135.8369,387,287.05,103,NARH04,0
'01','01',N.KAWH,KAWAKAMI,NARA,34.2925,136.0022,358,258.05,103,NARH03,0
'01','01',N.TKEH,TOTSUKAWA-E,NARA,33.9692,135.8574,480,380,102,NARH02,0
'01','01',N.TKWH,TOTSUKAWA-W,NARA,33.9666,135.6489,780,680,102,NARH01,0
'01','01',N.NAGH,NAGA,WAKAYAMA,34.3228,135.4483,560,447.52,114,WKYH08,0
'01','01',N.WKYH,WAKAYAMA,WAKAYAMA,34.2868,135.0714,5,-194.92,201.44,WKYH09,0
'01','01',N.HNZH,HANAZONO,WAKAYAMA,34.1373,135.5369,400,300,103,WKYH02,0
'01','01',N.NKMH,NOKAMI,WAKAYAMA,34.1314,135.3244,120,20,103,WKYH03,0
'01','01',N.HRKH,HIROGAWA,WAKAYAMA,33.9804,135.2122,60,-40,103,WKYH01,0
'01','01',N.INMH,INAMI,WAKAYAMA,33.8252,135.2176,40,-60,101,WKYH10,0
'01','01',N.OTOH,OTO,WAKAYAMA,33.6948,135.5953,218,118,102.48,WKYH06,0
'01','01',N.KTDH,KAMITONDA,WAKAYAMA,33.6894,135.4396,21.8,-78.2,102.48,WKYH07,0
'01','01',N.NKTH,NACHIKATSUURA,WAKAYAMA,33.6072,135.8619,30,-69.92,102.4,WKYH05,0
'01','01',N.SSMH,SUSAMI,WAKAYAMA,33.5559,135.5454,130,30.04,102.44,WKYH04,0
'01','01',N.IAMH,IWAMI,TOTTORI,35.5729,134.3426,15,-137.92,155,TTRH05,0
'01','01',N.AKSH,AKASAKI,TOTTORI,35.4668,133.6307,114,-94.45,210,TTRH04,0
'01','01',N.KWHH,KAWAHARA,TOTTORI,35.3946,134.1988,30,-71.56,103,TTRH06,0
'01','01',N.SKGH,SEKIGANE,TOTTORI,35.3649,133.7486,135,33.44,103,TTRH07,0
'01','01',N.MZKH,MIZOKUCHI,TOTTORI,35.3553,133.4918,420,220.08,201.4,TTRH03,0
'01','01',N.CHZH,CHIZU,TOTTORI,35.2604,134.2173,230,29.53,202,TTRH01,0
'01','01',N.HINH,HINO,TOTTORI,35.2313,133.3909,410,310.08,101.4,TTRH02,0
'01','01',N.MHSH,MIHONOSEKI,SHIMANE,35.5579,133.3004,9,-192,203,SMNH10,0
'01','01',N.KSIH,KASHIMA,SHIMANE,35.5232,133.0226,20,-83.56,105,SMNH15,0
'01','01',N.HIRH,HIRATA,SHIMANE,35.4259,132.8008,30,-171,203,SMNH11,0
'01','01',N.KACH,KAMO,SHIMANE,35.3422,132.8989,46.5,-55.06,103,SMNH16,0
'01','01',N.HKTH,HAKUTA,SHIMANE,35.2963,133.2604,170,69.08,103,SMNH01,0
'01','01',N.SDAH,SADA,SHIMANE,35.2243,132.7223,110,9.08,103,SMNH03,0
'01','01',N.NITH,NITA,SHIMANE,35.2235,133.0856,340,239.08,103,SMNH02,0
'01','01',N.YSDH,YOSHIDA,SHIMANE,35.1634,132.8558,380,279,103.8,SMNH12,0
'01','01',N.OOCH,OHCHI,SHIMANE,35.0918,132.5308,240,139.55,101.93,SMNH04,0
'01','01',N.GOTH,GOTSU,SHIMANE,35.0087,132.3069,100,-1,103,SMNH13,0
'01','01',N.KNGH,KANAGI,SHIMANE,34.8839,132.2026,260,59.55,201.93,SMNH06,0
'01','01',N.IWAH,IWAMI,SHIMANE,34.8801,132.4208,300,200.08,103,SMNH08,0
'01','01',N.HSMH,HASUMI,SHIMANE,34.8697,132.6396,165,64.55,101.93,SMNH05,0
'01','01',N.MITH,MITO,SHIMANE,34.6940,132.0402,290,81.55,209.93,SMNH07,0
'01','01',N.HIKH,HIKIMI,SHIMANE,34.5725,132.0122,260,60.08,202.4,SMNH09,0
'01','01',N.MICH,MUIKAICHI,SHIMANE,34.3904,131.8925,249,148,103,SMNH14,0
'01','01',N.KSBH,KAMISAIBARA,OKAYAMA,35.2826,133.9263,495,295,201.4,OKYH10,0
'01','01',N.YBRH,YUBARA,OKAYAMA,35.1809,133.6765,405,305,101.4,OKYH09,0
'01','01',N.OHAH,OHARA,OKAYAMA,35.0999,134.3190,280,79.53,202,OKYH12,0
'01','01',N.SYOH,SHOO,OKAYAMA,35.0732,134.1162,129,-71.47,202,OKYH11,0
'01','01',N.SGOH,SHINGO,OKAYAMA,35.0493,133.3169,563.5,463.5,101.48,OKYH07,0
'01','01',N.HKBH,HOKUBO,OKAYAMA,34.9363,133.6205,218.09,117.17,103,OKYH14,0
'01','01',N.TTAH,TETTA,OKAYAMA,34.9103,133.4055,430,330,101.48,OKYH08,0
'01','01',N.TKBH,TAKEBE,OKAYAMA,34.8684,133.8527,320,220,101.4,OKYH05,0
'01','01',N.OKYH,OKAYAMA,OKAYAMA,34.7783,133.7890,100,-100.47,203,OKYH03,0
'01','01',N.SETH,SETO,OKAYAMA,34.7501,134.0702,30,-170.57,203.05,OKYH02,0
'01','01',N.HNSH,HINASE,OKAYAMA,34.7283,134.2744,2.83,-101.18,106,OKYH13,0
'01','01',N.BSEH,BISEI,OKAYAMA,34.6756,133.5283,385,285,101.48,OKYH06,0
'01','01',N.MABH,MABI,OKAYAMA,34.6429,133.6861,50,-50.52,103,OKYH04,0
'01','01',N.TAMH,TAMANO,OKAYAMA,34.5070,133.8905,10,-190.47,203.15,OKYH01,0
'01','01',N.KTWH,KUCHIWA,HIROSHIMA,34.9137,132.9123,340,239,102.48,HRSH06,0
'01','01',N.JNSH,JINSEKI,HIROSHIMA,34.8225,133.1674,590,489.08,103,HRSH11,0
'01','01',N.GEIH,GEIHOKU,HIROSHIMA,34.7471,132.3794,712,612,102.51,HRSH10,0
'01','01',N.KSAH,KISA,HIROSHIMA,34.7016,132.9524,350,234,118.48,HRSH09,0
'01','01',N.YSHH,YOSHIDA,HIROSHIMA,34.6629,132.6689,280,178.4,103,HRSH16,0
'01','01',N.HRSH,HIROSHIMA,HIROSHIMA,34.5810,132.4295,360,209.08,153,HRSH12,0
'01','01',N.TGUH,TOGOUCHI,HIROSHIMA,34.5716,132.2326,265,161.4,105,HRSH17,0
'01','01',N.KNBH,KANNABE,HIROSHIMA,34.5566,133.4179,20,-180,202,HRSH05,0
'01','01',N.DWAH,DAIWA,HIROSHIMA,34.5482,132.9480,360,259.48,103,HRSH02,0
'01','01',N.MIGH,MITSUGI,HIROSHIMA,34.5183,133.1375,160,-41,202.48,HRSH03,0
'01','01',N.HHIH,HIGASHIHIROSHIMA,HIROSHIMA,34.4572,132.7923,235,133.4,103,HRSH18,0
'01','01',N.HISH,HIROSHIMA-S,HIROSHIMA,34.4122,132.3907,150,-51.6,203,HRSH13,0
'01','01',N.SKIH,SAIKI,HIROSHIMA,34.3935,132.1611,350,250,101.48,HRSH08,0
'01','01',N.NMKH,NUMAKUMA,HIROSHIMA,34.3785,133.3493,25,-175,202,HRSH04,0
'01','01',N.MIHH,MIHARA,HIROSHIMA,34.3736,133.0236,35,-171.47,208.95,HRSH01,0
'01','01',N.KURH,KURE,HIROSHIMA,34.2883,132.6411,230,128,104,HRSH07,0
'01','01',N.OKMH,OKIMI,HIROSHIMA,34.2090,132.4063,40,-61.6,103,HRSH14,0
'01','01',N.KRHH,KURAHASHI,HIROSHIMA,34.1161,132.5053,180,78.4,103,HRSH15,0
'01','01',N.TMGH,TAMAGAWA,YAMAGUCHI,34.6257,131.6681,10,-90,103,YMGH09,0
'01','01',N.MTMH,MUTSUMI,YAMAGUCHI,34.4837,131.6329,365,165,203,YMGH10,0
'01','01',N.HGIH,HAGI,YAMAGUCHI,34.3979,131.3774,5,-96.6,103,YMGH14,0
'01','01',N.NGTH,NAGATO,YAMAGUCHI,34.3408,131.1770,42,-159.47,203,YMGH13,0
'01','01',N.MTOH,MITOU,YAMAGUCHI,34.2176,131.3597,150,47.06,105,YMGH12,0
'01','01',N.TKJH,TOKUJI,YAMAGUCHI,34.2091,131.6859,120,-80,202.48,YMGH11,0
'01','01',N.MKWH,MIKAWA,YAMAGUCHI,34.1974,131.9943,68,-135,205,YMGH05,0
'01','01',N.IKNH,IWAKUNI,YAMAGUCHI,34.1891,132.1260,85,-115,202,YMGH03,0
'01','01',N.TYUH,TOYOURA,YAMAGUCHI,34.1349,130.9323,45,-156,203,YMGH08,0
'01','01',N.KIKH,KIKUGAWA,YAMAGUCHI,34.1149,131.0506,30,-170,202,YMGH07,0
'01','01',N.MNEH,MINE,YAMAGUCHI,34.1111,131.1434,70,-130,202,YMGH02,0
'01','01',N.HOFH,HOFU,YAMAGUCHI,34.0494,131.5618,35,-165,203,YMGH01,0
'01','01',N.SYTH,SHUTO,YAMAGUCHI,34.0270,132.0626,175,73,104,YMGH04,0
'01','01',N.UBEH,UBE,YAMAGUCHI,33.9893,131.3012,80,-120,203,YMGH06,0
'01','01',N.TKUH,TOKUYAMA,YAMAGUCHI,33.9725,131.8149,100,-11.6,113,YMGH15,0
'01','01',N.TOHH,TOWA,YAMAGUCHI,33.9291,132.4046,5,-96.6,103,YMGH17,0
'01','01',N.KNSH,KAMINOSEKI,YAMAGUCHI,33.8260,132.1040,65,-42.6,109,YMGH16,0
'01','01',N.SADH,SADAMITSU,TOKUSHIMA,34.0112,134.0918,190,89,103.5,TKSH02,0
'01','01',N.IKWH,IKAWA,TOKUSHIMA,33.9997,133.8933,605,446.48,160,TKSH06,0
'01','01',N.TOKH,TOKUSHIMA,TOKUSHIMA,33.9902,134.5337,10,-91.43,103,TKSH04,0
'01','01',N.KYDH,KOYADAIRA,TOKUSHIMA,33.8778,134.1295,650,449,203,TKSH03,0
'01','01',N.HWSH,HIWASA,TOKUSHIMA,33.7751,134.4994,155,54,103,TKSH01,0
'01','01',N.KNNH,KAINAN,TOKUSHIMA,33.6628,134.3156,40,-104.43,146,TKSH05,0
'01','01',N.UUMH,UCHINOMI,KAGAWA,34.4572,134.3241,20,-414.52,436,KGWH05,0
'01','01',N.MKIH,MIKI,KAGAWA,34.2700,134.1482,50,-51.6,103,KGWH03,0
'01','01',N.OHCH,OHCHI,KAGAWA,34.2264,134.3043,35,-71,108,KGWH04,0
'01','01',N.AYKH,AYAKAMI,KAGAWA,34.2186,133.9493,90,-28.87,120.3,KGWH01,0
'01','01',N.MNOH,MINO,KAGAWA,34.1980,133.7081,5,-195.97,202.4,KGWH02,0
'01','01',N.MYKH,MIYAKUBO,EHIME,34.1918,133.0581,5,-96.6,103,EHMH10,0
'01','01',N.SINH,SHINGU,EHIME,33.9154,133.6497,305,203.95,102.48,EHMH03,0
'01','01',N.TBRH,TANBARA,EHIME,33.9023,133.0658,15,-186,202.43,EHMH04,0
'01','01',N.SJOH,SAIJO,EHIME,33.8650,133.1840,75,-36,112.43,EHMH02,0
'01','01',N.TBEH,TOBE,EHIME,33.7112,132.8032,140,5,137,EHMH05,0
'01','01',N.OOZH,OZU,EHIME,33.5807,132.6011,210,108.4,103,EHMH11,0
'01','01',N.YNDH,YANADANI,EHIME,33.5388,133.0016,455,354,103,EHMH08,0
'01','01',N.KWBH,KAWABE,EHIME,33.5022,132.7480,290,89,203,EHMH07,0
'01','01',N.IKTH,IKATA,EHIME,33.4719,132.3072,5,-146,153,EHMH09,0
'01','01',N.UWAH,UWA,EHIME,33.4270,132.5055,250,98.43,153,EHMH12,0
'01','01',N.MISH,MISAKI,EHIME,33.3719,132.1157,10,-213.52,225,EHMH13,0
'01','01',N.HIYH,HIYOSHI,EHIME,33.3348,132.7980,230,29,203,EHMH06,0
'01','01',N.TSMH,TSUSHIMA,EHIME,33.0556,132.5552,375,274,102.48,EHMH01,0
'01','01',N.MTYH,MOTOYAMA,KOCHI,33.7543,133.5760,250,96.48,155,KOCH13,0
'01','01',N.GHKH,GOHOKU,KOCHI,33.7079,133.3641,590,489,102.44,KOCH02,0
'01','01',N.KHUH,KAHOKU,KOCHI,33.6748,133.8243,190,88.48,103,KOCH09,0
'01','01',N.IKKH,IKEGAWA,KOCHI,33.6472,133.1444,260,160,103,KOCH05,0
'01','01',N.KTGH,KITAGAWA,KOCHI,33.5421,134.1197,230,29,203,KOCH01,0
'01','01',N.INOH,INO,KOCHI,33.5313,133.4388,10,-92.42,104,KOCH10,0
'01','01',N.GSIH,GEISEI,KOCHI,33.5294,133.8192,40,-131.82,173.3,KOCH12,0
'01','01',N.SSKH,SUSAKI,KOCHI,33.3920,133.2866,5,-100,107,KOCH07,0
'01','01',N.MURH,MUROTO,KOCHI,33.2866,134.1603,90,-211.52,303,KOCH11,0
'01','01',N.TSYH,TAISHO,KOCHI,33.2683,132.9891,270,169,102.48,KOCH03,0
'01','01',N.NAKH,NAKAMURA,KOCHI,33.0754,132.9524,31,-69,103,KOCH06,0
'01','01',N.OOTH,OTSUKI,KOCHI,32.8414,132.7066,55,-46,102.48,KOCH04,0
'01','01',N.TSSH,TOSASHIMIZU,KOCHI,32.7797,132.9718,5,-96.52,103,KOCH08,0
'01','01',N.KKYH,KITAKYUSHU,FUKUOKA,33.8853,130.9795,12,-188,202,FKOH01,0
'01','01',N.GENH,GENKAI,FUKUOKA,33.8501,130.5432,25,-176.6,203,FKOH09,0
'01','01',N.WKMH,WAKAMIYA,FUKUOKA,33.6963,130.5963,74.2,-25.8,102,FKOH02,0
'01','01',N.BZNH,BUZEN,FUKUOKA,33.5925,131.1348,35,-269,306,FKOH06,0
'01','01',N.UMIH,UMI,FUKUOKA,33.5608,130.5499,185,85,102,FKOH03,0
'01','01',N.KAHH,KAHO,FUKUOKA,33.5512,130.7451,60,-40,102,FKOH04,0
'01','01',N.SGWH,SAIGAWA,FUKUOKA,33.5293,130.9503,370,269.53,102,FKOH05,0
'01','01',N.KIWH,KOISHIWARA,FUKUOKA,33.4654,130.8285,480,379.08,103,FKOH08,0
'01','01',N.TARH,TACHIARAI,FUKUOKA,33.3674,130.6355,15,-422.92,440,FKOH07,0
'01','01',N.UKHH,UKIHA,FUKUOKA,33.2891,130.8170,190,-11.52,203,FKOH10,0
'01','01',N.CZEH,CHINZEI,SAGA,33.5080,129.8877,118,-83.56,203,SAGH01,0
'01','01',N.FJIH,FUJI,SAGA,33.4098,130.2329,375,271.04,106,SAGH03,0
'01','01',N.HSFH,HIGASHISEFURI,SAGA,33.3652,130.4049,55,-145.94,203,SAGH04,0
'01','01',N.IMRH,IMARI,SAGA,33.2656,129.8798,31,-73.05,105.5,SAGH02,0
'01','01',N.SRIH,SHIROISHI,SAGA,33.1805,130.1048,13,-191.55,206,SAGH05,0
'01','01',N.SBNH,SASEBO-N,NAGASAKI,33.2122,129.7652,140,27,115,NGSH02,0
'01','01',N.HRDH,HIRADO,NAGASAKI,33.2116,129.4353,30,-178,210,NGSH01,0
'01','01',N.SBSH,SASEBO-S,NAGASAKI,33.1256,129.8102,10,-191,203,NGSH03,0
'01','01',N.KKIH,KINKAI,NAGASAKI,32.9553,129.8026,3,-98,103,NGSH04,0
'01','01',N.TKKH,TAKAKI,NAGASAKI,32.9103,130.1408,29,-172,203,NGSH05,0
'01','01',N.NGSH,NAGASAKI,NAGASAKI,32.6999,129.8625,155,-46,203,NGSH06,0
'01','01',N.OGNH,OGUNI,KUMAMOTO,33.1220,131.0629,430,306,126.55,KMMH02,0
'01','01',N.KHKH,KAHOKU,KUMAMOTO,33.1089,130.6949,75.3,-25.7,103,KMMH01,0
'01','01',N.AS2H,ASO2,KUMAMOTO,33.0031,131.0071,932,851.991,80.962,KMMH18,0
'01','01',N.KKCH,KIKUCHI,KUMAMOTO,32.9982,130.8300,180,-21,203,KMMH03,0
'01','01',N.TMNH,TAMANA,KUMAMOTO,32.9873,130.5608,55,-46.52,103,KMMH17,0
'01','01',N.NMNH,NAMINO,KUMAMOTO,32.9553,131.2207,693,591.53,103,KMMH05,0
'01','01',N.HKSH,HAKUSUI,KUMAMOTO,32.8114,131.1010,492,380.05,114,KMMH06,0
'01','01',N.MSIH,MASHIKI,KUMAMOTO,32.7967,130.8199,55,-198.52,255,KMMH16,0
'01','01',N.YABH,YABE,KUMAMOTO,32.6501,131.0251,450,345.53,106,KMMH08,0
'01','01',N.TYNH,TOYONO,KUMAMOTO,32.6344,130.7521,70,-40.92,113,KMMH14,0
'01','01',N.MSMH,MISUMI,KUMAMOTO,32.6234,130.5584,22,-278.92,303,KMMH07,0
'01','01',N.IZMH,IZUMI,KUMAMOTO,32.4901,130.9046,520,418.54,103,KMMH09,0
'01','01',N.SNWH,SHINWA,KUMAMOTO,32.3152,130.1811,160,-140.91,303,KMMH10,0
'01','01',N.ASKH,ASHIKITA,KUMAMOTO,32.2918,130.5777,100,-200.92,303,KMMH11,0
'01','01',N.UWEH,UE,KUMAMOTO,32.2209,130.9096,175,-3.47,180,KMMH13,0
'01','01',N.HYOH,HITOYOSHI,KUMAMOTO,32.2052,130.7370,105,-18.91,126,KMMH12,0
'01','01',N.MMTH,MINAMATA,KUMAMOTO,32.1704,130.3647,15,-95.92,113,KMMH15,0
'01','01',N.AKIH,AKI,OITA,33.4732,131.6859,35,-362.94,403,OITH03,0
'01','01',N.YMGH,YAMAGA,OITA,33.4581,131.4429,165,67.18,103,OITH02,0
'01','01',N.YGNH,YAMAKUNI,OITA,33.4122,131.0326,249,51.33,203,OITH01,0
'01','01',N.KKEH,KOKONOE,OITA,33.2844,131.2118,460,298.48,163,OITH11,0
'01','01',N.NTHH,NOTSUHARU,OITA,33.1525,131.5420,160,62.18,103,OITH05,0
'01','01',N.SNIH,SHONAI,OITA,33.1306,131.3473,500,272.68,232.5,OITH04,0
'01','01',N.MIEH,MIE,OITA,32.9870,131.5881,160,61.18,104,OITH07,0
'01','01',N.TAKH,TAKETA,OITA,32.9726,131.3984,260,159.08,106.1,OITH06,0
'01','01',N.SIKH,SAIKI,OITA,32.9278,131.8695,80,-17.82,103,OITH10,0
'01','01',N.UMEH,UME-E,OITA,32.8486,131.6786,190,92.18,103,OITH09,0
'01','01',N.UMWH,UME-W,OITA,32.8392,131.5357,260,161.18,104,OITH08,0
'01','01',N.KIGH,KITAGAWA,MIYAZAKI,32.6972,131.6829,20,-191.76,213.3,MYZH02,0
'01','01',N.GKSH,GOKASE,MIYAZAKI,32.6536,131.2257,605,500.93,105.6,MYZH01,0
'01','01',N.MRTH,MOROTSUKA,MIYAZAKI,32.5181,131.3349,250,148.49,103,MYZH04,0
'01','01',N.NOBH,NOBEOKA,MIYAZAKI,32.5060,131.6958,2,-99.52,103,MYZH16,0
'01','01',N.SBAH,SHIIBA,MIYAZAKI,32.4754,131.1043,519,317.49,203,MYZH03,0
'01','01',N.HYGH,HYUGA,MIYAZAKI,32.3654,131.5893,170,-27.96,203,MYZH15,0
'01','01',N.TGOH,TOGO,MIYAZAKI,32.3607,131.4643,100,-1.51,103,MYZH06,0
'01','01',N.NANH,NANGO,MIYAZAKI,32.3470,131.2668,353,251.49,103,MYZH05,0
'01','01',N.KWMH,KAWAMINAMI,MIYAZAKI,32.2131,131.5307,67,-148.41,216.9,MYZH08,0
'01','01',N.NRAH,NISHIMERA,MIYAZAKI,32.1987,131.1946,235,133.53,103,MYZH07,0
'01','01',N.SUKH,SUKI,MIYAZAKI,32.0421,131.0618,335,233.53,103,MYZH09,0
'01','01',N.KTMH,KUNITOMI,MIYAZAKI,32.0218,131.2900,80,-21.47,103,MYZH10,0
'01','01',N.SDWH,SADOWARA,MIYAZAKI,32.0208,131.4700,12,-201.81,215.3,MYZH11,0
'01','01',N.MJNH,MIYAKONOJO-N,MIYAZAKI,31.8643,130.9454,525,422.49,104,MYZH12,0
'01','01',N.MJSH,MIYAKONOJO-S,MIYAZAKI,31.7301,131.0791,152,33.53,120,MYZH13,0
'01','01',N.NCNH,NICHINAN,MIYAZAKI,31.5649,131.3510,5,-197.51,204,MYZH14,0
'01','01',N.NSMH,NAGASHIMA,KAGOSHIMA,32.1554,130.1191,14.866,-188.084,205,KGSH01,0
'01','01',N.AKNH,AKUNE,KAGOSHIMA,31.9940,130.2077,40.762,-161.188,205,KGSH02,0
'01','01',N.MYJH,MIYANOJO,KAGOSHIMA,31.9812,130.4438,110.11,9.16,103,KGSH03,0
'01','01',N.KDIH,KEDOUIN,KAGOSHIMA,31.8699,130.4958,73.342,-34.608,110,KGSH05,0
'01','01',N.SENH,SENDAI,KAGOSHIMA,31.8374,130.3602,13.917,-87.033,103.5,KGSH04,0
'01','01',N.AIRH,AIRA,KAGOSHIMA,31.7140,130.6149,6.405,-296.545,305,KGSH07,0
'01','01',N.KORH,KORIYAMA,KAGOSHIMA,31.6988,130.4594,131.07,-72.88,206,KGSH06,0
'01','01',N.OSUH,OSUMI,KAGOSHIMA,31.5618,130.9969,96.897,-54.053,153.5,KGSH08,0
'01','01',N.KYAH,KANOYA,KAGOSHIMA,31.4005,130.8541,40,-62.52,104,KGSH13,0
'01','01',N.CRNH,CHIRAN,KAGOSHIMA,31.3741,130.4333,119.391,17.891,103.3,KGSH09,0
'01','01',N.UCNH,UCHINOURA,KAGOSHIMA,31.2583,131.0877,265,114.08,153,KGSH12,0
'01','01',N.YKWH,YAMAGAWA,KAGOSHIMA,31.2066,130.6183,80.744,-123.206,206.3,KGSH10,0
'01','01',N.SATH,SATA,KAGOSHIMA,31.0899,130.6990,86.876,-114.084,203,KGSH11,0
'01','03',N.NKGF,NAKAGAWA,HOKKAIDO,44.8017,142.0849,30,31,,,0
'01','03',N.NOPF,NISHIOKOPPE,HOKKAIDO,44.3218,142.9384,125,126,,,0
'01','03',N.SHRF,SHARI,HOKKAIDO,44.0563,144.9944,110,111,,,0
'01','03',N.KNPF,KUNNEPPU,HOKKAIDO,43.7625,143.7084,158,158,,,0
'01','03',N.NMRF,NEMURO,HOKKAIDO,43.3673,145.7379,20,20,,,0
'01','03',N.KSRF,KUSHIRO,HOKKAIDO,42.9820,144.4851,17,18,,,0
'01','03',N.HSSF,SAPPORO,HOKKAIDO,42.9672,141.2286,220,190,,,0
'01','03',N.URHF,URAHORO,HOKKAIDO,42.9298,143.6711,80,80,,,0
'01','03',N.HIDF,HIDAKA,HOKKAIDO,42.8208,142.4145,228,229,,,0
'01','03',N.IMGF,IMAKANE,HOKKAIDO,42.3928,140.1406,50,50,,,0
'01','03',N.KMUF,KAMIKINEUSU,HOKKAIDO,42.2391,142.9625,177,177,,,0
'01','03',N.MMAF,MINMAYA,AOMORI,41.1619,140.4107,80,81,,,1
'01','03',N.TMRF,TOMARI,AOMORI,41.1016,141.3831,120,120,,,0
'01','03',N.OOWF,OWANI,AOMORI,40.4689,140.5097,205,205,,,0
'01','03',N.IYGF,YAMAGATA,IWATE,40.1217,141.5833,427,429,,,0
'01','03',N.TYSF,TONOYAMASAKI,IWATE,39.3772,141.5932,346,346,,,0
'01','03',N.KSNF,KESENNUMA,MIYAGI,38.9762,141.5301,260,260,,,0
'01','03',N.KSKF,KAWASAKI,MIYAGI,38.2585,140.5833,318,319,,,0
'01','03',N.GJMF,GOJOME,AKITA,39.9555,140.1113,105,105,,,0
'01','03',N.HROF,HIRONO,FUKUSHIMA,37.2246,140.8777,615,615,,,0
'01','03',N.TSKF,TSUKUBA,IBARAKI,36.2141,140.0898,173,174,,,0
'01','03',N.YMZF,YAMIZO,TOCHIGI,36.9267,140.2445,520,520,,,0
'01','03',N.ASIF,ASHIO,TOCHIGI,36.6342,139.4206,663,664,,,0
'01','03',N.ONSF,ONISHI,GUNMA,36.1557,138.9822,478,480,,,0
'01','03',N.TYMF,TATEYAMA,CHIBA,34.9745,139.8449,22,22,,,1
'01','03',N.KZSF,KOZUSHIMA,TOKYO,34.2056,139.1485,191,193,,,0
'01','03',N.HJOF,HACHIJO,TOKYO,33.1048,139.8024,87,87,,,0
'01','03',N.AOGF,AOGASHIMA,TOKYO,32.4508,139.7740,84,85,,,0
'01','03',N.OSWF,OGASAWARA,TOKYO,27.0983,142.1961,11,11,,,0
'01','03',N.SBTF,SHIBATA,NIIGATA,37.9683,139.4501,130,130,,,0
'01','03',N.ADMF,AKADOMARI,NIIGATA,37.9046,138.4303,275,276,,,0
'01','03',N.KZKF,KASHIWAZAKI,NIIGATA,37.2977,138.5143,250,250,,,0
'01','03',N.WJMF,WAJIMA,ISHIKAWA,37.4021,137.0257,200,201,,,0
'01','03',N.SRNF,SHIRAMINE,ISHIKAWA,36.2018,136.6303,472,473,,,0
'01','03',N.SGNF,TURUSUGENO,YAMANASHI,35.5096,138.9444,785,785,,,0
'01','03',N.FUJF,FUJIGAWA,YAMANASHI,35.2307,138.4181,618,618,,,0
'01','03',N.TTOF,TAKATO,NAGANO,35.8363,138.1209,1149,1150,,,0
'01','03',N.KNMF,KANAYAMA,GIFU,35.7168,137.1781,338,339,,,0
'01','03',N.JIZF,NAKAIZU,SHIZUOKA,34.9167,138.9938,263,263,,,0
'01','03',N.KNYF,KANAYA,SHIZUOKA,34.8738,138.0628,258,259,,,0
'01','03',N.NAAF,ASAHI,AICHI,35.2239,137.3622,200,200,,,0
'01','03',N.WTRF,WATARAI,MIE,34.3739,136.5748,94,95,,,0
'01','03',N.KISF,KIWA,MIE,33.8652,135.8907,66,66,,,0
'01','03',N.TGAF,TAGA,SHIGA,35.1847,136.3383,297,299,,,0
'01','03',N.YASF,YASAKA,KYOTO,35.6570,135.1605,231,232,,,0
'01','03',N.ABUF,ABUYAMA,OSAKA,34.8635,135.5706,137,138,,,0
'01','03',N.YZKF,YAMASAKI,HYOGO,35.0888,134.4594,329,330,,,0
'01','03',N.NOKF,NOKAMI,WAKAYAMA,34.1656,135.3478,94,95,,,0
'01','03',N.KMTF,KAMITONDA,WAKAYAMA,33.6782,135.4899,152,153,,,0
'01','03',N.SAGF,SAIGO,SHIMANE,36.2553,133.3050,70,72,,,0
'01','03',N.YSIF,YOSHIDA,SHIMANE,35.1942,132.8862,385,386,,,0
'01','03',N.NRWF,NARIWA,OKAYAMA,34.7682,133.5325,199,201,,,0
'01','03',N.NSKF,NISHIKI,YAMAGUCHI,34.3403,132.0018,211,205,,,0
'01','03',N.YTYF,TOYOTA,YAMAGUCHI,34.2835,131.0364,155,157,,,0
'01','03',N.ISIF,TOKUSHIMA,TOKUSHIMA,34.0606,134.4554,27,27,,,0
'01','03',N.TGWF,TAMAGAWA,EHIME,33.9734,132.9319,299,300,,,0
'01','03',N.OKWF,OOKAWA,KOCHI,33.8272,133.4691,827,828,,,0
'01','03',N.UMJF,UMAJI,KOCHI,33.5795,134.0367,361,363,,,0
'01','03',N.TSAF,NISHITOSA,KOCHI,33.1781,132.8200,141,143,,,0
'01','03',N.SBRF,SEFURI,FUKUOKA,33.5052,130.2530,260,260,,,0
'01','03',N.IZHF,IZUHARA,NAGASAKI,34.1359,129.2066,384,386,,,0
'01','03',N.STMF,SOTOME,NAGASAKI,32.8870,129.7237,144,145,,,0
'01','03',N.FUKF,FUKUE,NAGASAKI,32.7177,128.7572,75,75,,,0
'01','03',N.TMCF,TOMOCHI,KUMAMOTO,32.6063,130.9151,283,285,,,0
'01','03',N.INNF,NAKATSU,OITA,33.4701,131.3062,168,169,,,0
'01','03',N.TKDF,TAKEDA,OITA,32.8179,131.3875,749,749,,,0
'01','03',N.TKOF,TAKAOKA,MIYAZAKI,31.8931,131.2321,88,88,,,0
'01','03',N.SIBF,SHIBISAN,KAGOSHIMA,31.9698,130.3486,655,655,,,0
'01','03',N.TKAF,TAKAKUMA,KAGOSHIMA,31.5160,130.7830,535,535,,,1
'01','03',N.TASF,TASHIRO,KAGOSHIMA,31.1946,130.9093,504,506,,,0
'01','03',N.KYKF,NAGATA,KAGOSHIMA,30.3781,130.4099,310,310,,,0
'01','03',N.AMMF,AMAMIOSHIMA,KAGOSHIMA,28.1571,129.3001,12,12,,,0
'01','03',N.KGMF,KUNIGAMI,OKINAWA,26.7567,128.2153,102,104,,,0
'01','03',N.ZMMF,ZAMAMI,OKINAWA,26.2328,127.3038,21,22,,,0
'01','03',N.YNGF,YONAGUNI,OKINAWA,24.4550,123.0070,83,84,,,0
'01','03',N.IGKF,ISHIGAKI,OKINAWA,24.4119,124.1789,77,78,,,0
'01','04',N.ST6H,SAGAMI-6,KANAGAWA,35.0966,139.3778,-1130,-1130,,KNGH17,0
'01','04',N.ST5H,SAGAMI-5,KANAGAWA,34.9413,139.4213,-1486,-1486,,KNGH16,0
'01','04',N.ST4H,SAGAMI-4,KANAGAWA,34.8931,139.5711,-933,-933,,KNGH15,0
'01','04',N.ST3H,SAGAMI-3,KANAGAWA,34.7983,139.6435,-902,-902,,KNGH14,0
'01','04',N.ST2H,SAGAMI-2,KANAGAWA,34.7396,139.8393,-2339,-2339,,KNGH13,0
'01','04',N.ST1H,SAGAMI-1,KANAGAWA,34.5956,139.9183,-2197,-2197,,KNGH12,0
